ID,Name,Total,HP,Attack,Defense,SpAtk,SpDef,Speed,Type 1,Type 2,Height,Weight
1,Bulbasaur,318,45,49,49,65,65,45,Grass,Poison,0.7,6.9
2,Ivysaur,405,60,62,63,80,80,60,Grass,Poison,1,13
3,Venusaur,525,80,82,83,100,100,80,Grass,Poison,2,100
3,Venusaur Mega Venusaur,625,80,100,123,122,120,80,Grass,Poison,2.4,155.5
4,Charmander,309,39,52,43,60,50,65,Fire,,0.6,8.5
5,Charmeleon,405,58,64,58,80,65,80,Fire,,1.1,19
6,Charizard,534,78,84,78,109,85,100,Fire,Flying,1.7,90.5
6,Charizard Mega Charizard X,634,78,130,111,130,85,100,Fire,Dragon,1.7,110.5
6,Charizard Mega Charizard Y,634,78,104,78,159,115,100,Fire,Flying,1.7,100.5
7,Squirtle,314,44,48,65,50,64,43,Water,,0.5,9
8,Wartortle,405,59,63,80,65,80,58,Water,,1,22.5
9,Blastoise,530,79,83,100,85,105,78,Water,,1.6,85.5
9,Blastoise Mega Blastoise,630,79,103,120,135,115,78,Water,,1.6,101.1
10,Caterpie,195,45,30,35,20,20,45,Bug,,0.3,2.9
11,Metapod,205,50,20,55,25,25,30,Bug,,0.7,9.9
12,Butterfree,395,60,45,50,90,80,70,Bug,Flying,1.1,32
13,Weedle,195,40,35,30,20,20,50,Bug,Poison,0.3,3.2
14,Kakuna,205,45,25,50,25,25,35,Bug,Poison,0.6,10
15,Beedrill,395,65,90,40,45,80,75,Bug,Poison,1,29.5
15,Beedrill Mega Beedrill,495,65,150,40,15,80,145,Bug,Poison,1.4,40.5
16,Pidgey,251,40,45,40,35,35,56,Normal,Flying,0.3,1.8
17,Pidgeotto,349,63,60,55,50,50,71,Normal,Flying,1.1,30
18,Pidgeot,479,83,80,75,70,70,101,Normal,Flying,1.5,39.5
18,Pidgeot Mega Pidgeot,579,83,80,80,135,80,121,Normal,Flying,2.2,50.5
19,Rattata,253,30,56,35,25,35,72,Normal,,0.3,3.5
19,Rattata Alolan Rattata,253,30,56,35,25,35,72,Dark,Normal,0.3,3.8
20,Raticate,413,55,81,60,50,70,97,Normal,,0.7,18.5
20,Raticate Alolan Raticate,413,75,71,70,40,80,77,Dark,Normal,0.7,25.5
21,Spearow,262,40,60,30,31,31,70,Normal,Flying,0.3,2
22,Fearow,442,65,90,65,61,61,100,Normal,Flying,1.2,38
23,Ekans,288,35,60,44,40,54,55,Poison,,2,6.9
24,Arbok,448,60,95,69,65,79,80,Poison,,3.5,65
25,Pikachu,320,35,55,40,50,50,90,Electric,,0.4,6
25,Pikachu Partner Pikachu,430,45,80,50,75,60,120,Electric,,0.4,6
26,Raichu,485,60,90,55,90,80,110,Electric,,0.8,30
26,Raichu Alolan Raichu,485,60,85,50,95,85,110,Electric,Psychic,0.7,21
27,Sandshrew,300,50,75,85,20,30,40,Ground,,0.6,12
27,Sandshrew Alolan Sandshrew,300,50,75,90,10,35,40,Ice,Steel,0.7,40
28,Sandslash,450,75,100,110,45,55,65,Ground,,1,29.5
28,Sandslash Alolan Sandslash,450,75,100,120,25,65,65,Ice,Steel,1.2,55
29,Nidoran♀,275,55,47,52,40,40,41,Poison,,0.4,7
30,Nidorina,365,70,62,67,55,55,56,Poison,,0.8,20
31,Nidoqueen,505,90,92,87,75,85,76,Poison,Ground,1.3,60
32,Nidoran♂,273,46,57,40,40,40,50,Poison,,0.5,9
33,Nidorino,365,61,72,57,55,55,65,Poison,,0.9,19.5
34,Nidoking,505,81,102,77,85,75,85,Poison,Ground,1.4,62
35,Clefairy,323,70,45,48,60,65,35,Fairy,,0.6,7.5
36,Clefable,483,95,70,73,95,90,60,Fairy,,1.3,40
37,Vulpix,299,38,41,40,50,65,65,Fire,,0.6,9.9
37,Vulpix Alolan Vulpix,299,38,41,40,50,65,65,Ice,,0.6,9.9
38,Ninetales,505,73,76,75,81,100,100,Fire,,1.1,19.9
38,Ninetales Alolan Ninetales,505,73,67,75,81,100,109,Ice,Fairy,1.1,19.9
39,Jigglypuff,270,115,45,20,45,25,20,Normal,Fairy,0.5,5.5
40,Wigglytuff,435,140,70,45,85,50,45,Normal,Fairy,1,12
41,Zubat,245,40,45,35,30,40,55,Poison,Flying,0.8,7.5
42,Golbat,455,75,80,70,65,75,90,Poison,Flying,1.6,55
43,Oddish,320,45,50,55,75,65,30,Grass,Poison,0.5,5.4
44,Gloom,395,60,65,70,85,75,40,Grass,Poison,0.8,8.6
45,Vileplume,490,75,80,85,110,90,50,Grass,Poison,1.2,18.6
46,Paras,285,35,70,55,45,55,25,Bug,Grass,0.3,5.4
47,Parasect,405,60,95,80,60,80,30,Bug,Grass,1,29.5
48,Venonat,305,60,55,50,40,55,45,Bug,Poison,1,30
49,Venomoth,450,70,65,60,90,75,90,Bug,Poison,1.5,12.5
50,Diglett,265,10,55,25,35,45,95,Ground,,0.2,0.8
50,Diglett Alolan Diglett,265,10,55,30,35,45,90,Ground,Steel,0.2,1
51,Dugtrio,425,35,100,50,50,70,120,Ground,,0.7,33.3
51,Dugtrio Alolan Dugtrio,425,35,100,60,50,70,110,Ground,Steel,0.7,66.6
52,Meowth,290,40,45,35,40,40,90,Normal,,0.4,4.2
52,Meowth Alolan Meowth,290,40,35,35,50,40,90,Dark,,0.4,4.2
52,Meowth Galarian Meowth,290,50,65,55,40,40,40,Steel,,0.4,7.5
53,Persian,440,65,70,60,65,65,115,Normal,,1,32
53,Persian Alolan Persian,440,65,60,60,75,65,115,Dark,,1.1,33
54,Psyduck,320,50,52,48,65,50,55,Water,,0.8,19.6
55,Golduck,500,80,82,78,95,80,85,Water,,1.7,76.6
56,Mankey,305,40,80,35,35,45,70,Fighting,,0.5,28
57,Primeape,455,65,105,60,60,70,95,Fighting,,1,32
58,Growlithe,350,55,70,45,70,50,60,Fire,,0.7,19
58,Growlithe Hisuian Growlithe,350,60,75,45,65,50,55,Fire,Rock,0.8,22.7
59,Arcanine,555,90,110,80,100,80,95,Fire,,1.9,155
59,Arcanine Hisuian Arcanine,555,95,115,80,95,80,90,Fire,Rock,2,168
60,Poliwag,300,40,50,40,40,40,90,Water,,0.6,12.4
61,Poliwhirl,385,65,65,65,50,50,90,Water,,1,20
62,Poliwrath,510,90,95,95,70,90,70,Water,Fighting,1.3,54
63,Abra,310,25,20,15,105,55,90,Psychic,,0.9,19.5
64,Kadabra,400,40,35,30,120,70,105,Psychic,,1.3,56.5
65,Alakazam,500,55,50,45,135,95,120,Psychic,,1.5,48
65,Alakazam Mega Alakazam,600,55,50,65,175,105,150,Psychic,,1.2,48
66,Machop,305,70,80,50,35,35,35,Fighting,,0.8,19.5
67,Machoke,405,80,100,70,50,60,45,Fighting,,1.5,70.5
68,Machamp,505,90,130,80,65,85,55,Fighting,,1.6,130
69,Bellsprout,300,50,75,35,70,30,40,Grass,Poison,0.7,4
70,Weepinbell,390,65,90,50,85,45,55,Grass,Poison,1,6.4
71,Victreebel,490,80,105,65,100,70,70,Grass,Poison,1.7,15.5
72,Tentacool,335,40,40,35,50,100,70,Water,Poison,0.9,45.5
73,Tentacruel,515,80,70,65,80,120,100,Water,Poison,1.6,55
74,Geodude,300,40,80,100,30,30,20,Rock,Ground,0.4,20
74,Geodude Alolan Geodude,300,40,80,100,30,30,20,Rock,Electric,0.4,20.3
75,Graveler,390,55,95,115,45,45,35,Rock,Ground,1,105
75,Graveler Alolan Graveler,390,55,95,115,45,45,35,Rock,Electric,1,110
76,Golem,495,80,120,130,55,65,45,Rock,Ground,1.4,300
76,Golem Alolan Golem,495,80,120,130,55,65,45,Rock,Electric,1.7,316
77,Ponyta,410,50,85,55,65,65,90,Fire,,1,30
77,Ponyta Galarian Ponyta,410,50,85,55,65,65,90,Psychic,,0.8,24
78,Rapidash,500,65,100,70,80,80,105,Fire,,1.7,95
78,Rapidash Galarian Rapidash,500,65,100,70,80,80,105,Psychic,Fairy,1.7,80
79,Slowpoke,315,90,65,65,40,40,15,Water,Psychic,1.2,36
79,Slowpoke Galarian Slowpoke,315,90,65,65,40,40,15,Psychic,,1.2,36
80,Slowbro,490,95,75,110,100,80,30,Water,Psychic,1.6,78.5
80,Slowbro Mega Slowbro,590,95,75,180,130,80,30,Water,Psychic,2,120
80,Slowbro Galarian Slowbro,490,95,100,95,100,70,30,Poison,Psychic,1.6,70.5
81,Magnemite,325,25,35,70,95,55,45,Electric,Steel,0.3,6
82,Magneton,465,50,60,95,120,70,70,Electric,Steel,1,60
83,Farfetch'd,377,52,90,55,58,62,60,Normal,Flying,0.8,15
83,Farfetch'd Galarian Farfetch'd,377,52,95,55,58,62,55,Fighting,,0.8,42
84,Doduo,310,35,85,45,35,35,75,Normal,Flying,1.4,39.2
85,Dodrio,470,60,110,70,60,60,110,Normal,Flying,1.8,85.2
86,Seel,325,65,45,55,45,70,45,Water,,1.1,90
87,Dewgong,475,90,70,80,70,95,70,Water,Ice,1.7,120
88,Grimer,325,80,80,50,40,50,25,Poison,,0.9,30
88,Grimer Alolan Grimer,325,80,80,50,40,50,25,Poison,Dark,0.7,42
89,Muk,500,105,105,75,65,100,50,Poison,,1.2,30
89,Muk Alolan Muk,500,105,105,75,65,100,50,Poison,Dark,1,52
90,Shellder,305,30,65,100,45,25,40,Water,,0.3,4
91,Cloyster,525,50,95,180,85,45,70,Water,Ice,1.5,132.5
92,Gastly,310,30,35,30,100,35,80,Ghost,Poison,1.3,0.1
93,Haunter,405,45,50,45,115,55,95,Ghost,Poison,1.6,0.1
94,Gengar,500,60,65,60,130,75,110,Ghost,Poison,1.5,40.5
94,Gengar Mega Gengar,600,60,65,80,170,95,130,Ghost,Poison,1.4,40.5
95,Onix,385,35,45,160,30,45,70,Rock,Ground,8.8,210
96,Drowzee,328,60,48,45,43,90,42,Psychic,,1,32.4
97,Hypno,483,85,73,70,73,115,67,Psychic,,1.6,75.6
98,Krabby,325,30,105,90,25,25,50,Water,,0.4,6.5
99,Kingler,475,55,130,115,50,50,75,Water,,1.3,60
100,Voltorb,330,40,30,50,55,55,100,Electric,,0.5,10.4
100,Voltorb Hisuian Voltorb,330,40,30,50,55,55,100,Electric,Grass,0.5,13
101,Electrode,490,60,50,70,80,80,150,Electric,,1.2,66.6
101,Electrode Hisuian Electrode,490,60,50,70,80,80,150,Electric,Grass,1.2,71
102,Exeggcute,325,60,40,80,60,45,40,Grass,Psychic,0.4,2.5
103,Exeggutor,530,95,95,85,125,75,55,Grass,Psychic,2,120
103,Exeggutor Alolan Exeggutor,530,95,105,85,125,75,45,Grass,Dragon,10.9,415.6
104,Cubone,320,50,50,95,40,50,35,Ground,,0.4,6.5
105,Marowak,425,60,80,110,50,80,45,Ground,,1,45
105,Marowak Alolan Marowak,425,60,80,110,50,80,45,Fire,Ghost,1,34
106,Hitmonlee,455,50,120,53,35,110,87,Fighting,,1.5,49.8
107,Hitmonchan,455,50,105,79,35,110,76,Fighting,,1.4,50.2
108,Lickitung,385,90,55,75,60,75,30,Normal,,1.2,65.5
109,Koffing,340,40,65,95,60,45,35,Poison,,0.6,1
110,Weezing,490,65,90,120,85,70,60,Poison,,1.2,9.5
110,Weezing Galarian Weezing,490,65,90,120,85,70,60,Poison,Fairy,3,16
111,Rhyhorn,345,80,85,95,30,30,25,Ground,Rock,1,115
112,Rhydon,485,105,130,120,45,45,40,Ground,Rock,1.9,120
113,Chansey,450,250,5,5,35,105,50,Normal,,1.1,34.6
114,Tangela,435,65,55,115,100,40,60,Grass,,1,35
115,Kangaskhan,490,105,95,80,40,80,90,Normal,,2.2,80
115,Kangaskhan Mega Kangaskhan,590,105,125,100,60,100,100,Normal,,2.2,100
116,Horsea,295,30,40,70,70,25,60,Water,,0.4,8
117,Seadra,440,55,65,95,95,45,85,Water,,1.2,25
118,Goldeen,320,45,67,60,35,50,63,Water,,0.6,15
119,Seaking,450,80,92,65,65,80,68,Water,,1.3,39
120,Staryu,340,30,45,55,70,55,85,Water,,0.8,34.5
121,Starmie,520,60,75,85,100,85,115,Water,Psychic,1.1,80
122,Mr. Mime,460,40,45,65,100,120,90,Psychic,Fairy,1.3,54.5
122,Mr. Mime Galarian Mr. Mime,460,50,65,65,90,90,100,Ice,Psychic,1.4,56.8
123,Scyther,500,70,110,80,55,80,105,Bug,Flying,1.5,56
124,Jynx,455,65,50,35,115,95,95,Ice,Psychic,1.4,40.6
125,Electabuzz,490,65,83,57,95,85,105,Electric,,1.1,30
126,Magmar,495,65,95,57,100,85,93,Fire,,1.3,44.5
127,Pinsir,500,65,125,100,55,70,85,Bug,,1.5,55
127,Pinsir Mega Pinsir,600,65,155,120,65,90,105,Bug,Flying,1.7,59
128,Tauros,490,75,100,95,40,70,110,Normal,,1.4,88.4
128,Tauros Combat Breed,490,75,110,105,30,70,100,Fighting,,1.4,115
128,Tauros Blaze Breed,490,75,110,105,30,70,100,Fighting,Fire,1.4,85
128,Tauros Aqua Breed,490,75,110,105,30,70,100,Fighting,Water,1.4,110
129,Magikarp,200,20,10,55,15,20,80,Water,,0.9,10
130,Gyarados,540,95,125,79,60,100,81,Water,Flying,6.5,235
130,Gyarados Mega Gyarados,640,95,155,109,70,130,81,Water,Dark,6.5,305
131,Lapras,535,130,85,80,85,95,60,Water,Ice,2.5,220
132,Ditto,288,48,48,48,48,48,48,Normal,,0.3,4
133,Eevee,325,55,55,50,45,65,55,Normal,,0.3,6.5
133,Eevee Partner Eevee,435,65,75,70,65,85,75,Normal,,0.3,6.5
134,Vaporeon,525,130,65,60,110,95,65,Water,,1,29
135,Jolteon,525,65,65,60,110,95,130,Electric,,0.8,24.5
136,Flareon,525,65,130,60,95,110,65,Fire,,0.9,25
137,Porygon,395,65,60,70,85,75,40,Normal,,0.8,36.5
138,Omanyte,355,35,40,100,90,55,35,Rock,Water,0.4,7.5
139,Omastar,495,70,60,125,115,70,55,Rock,Water,1,35
140,Kabuto,355,30,80,90,55,45,55,Rock,Water,0.5,11.5
141,Kabutops,495,60,115,105,65,70,80,Rock,Water,1.3,40.5
142,Aerodactyl,515,80,105,65,60,75,130,Rock,Flying,1.8,59
142,Aerodactyl Mega Aerodactyl,615,80,135,85,70,95,150,Rock,Flying,2.1,79
143,Snorlax,540,160,110,65,65,110,30,Normal,,2.1,460
144,Articuno,580,90,85,100,95,125,85,Ice,Flying,1.7,55.4
144,Articuno Galarian Articuno,580,90,85,85,125,100,95,Psychic,Flying,1.7,50.9
145,Zapdos,580,90,90,85,125,90,100,Electric,Flying,1.6,52.6
145,Zapdos Galarian Zapdos,580,90,125,90,85,90,100,Fighting,Flying,1.6,58.2
146,Moltres,580,90,100,90,125,85,90,Fire,Flying,2,60
146,Moltres Galarian Moltres,580,90,85,90,100,125,90,Dark,Flying,2,66
147,Dratini,300,41,64,45,50,50,50,Dragon,,1.8,3.3
148,Dragonair,420,61,84,65,70,70,70,Dragon,,4,16.5
149,Dragonite,600,91,134,95,100,100,80,Dragon,Flying,2.2,210
150,Mewtwo,680,106,110,90,154,90,130,Psychic,,2,122
150,Mewtwo Mega Mewtwo X,780,106,190,100,154,100,130,Psychic,Fighting,2.3,127
150,Mewtwo Mega Mewtwo Y,780,106,150,70,194,120,140,Psychic,,1.5,33
151,Mew,600,100,100,100,100,100,100,Psychic,,0.4,4
152,Chikorita,318,45,49,65,49,65,45,Grass,,0.9,6.4
153,Bayleef,405,60,62,80,63,80,60,Grass,,1.2,15.8
154,Meganium,525,80,82,100,83,100,80,Grass,,1.8,100.5
155,Cyndaquil,309,39,52,43,60,50,65,Fire,,0.5,7.9
156,Quilava,405,58,64,58,80,65,80,Fire,,0.9,19
157,Typhlosion,534,78,84,78,109,85,100,Fire,,1.7,79.5
157,Typhlosion Hisuian Typhlosion,534,73,84,78,119,85,95,Fire,Ghost,1.6,69.8
158,Totodile,314,50,65,64,44,48,43,Water,,0.6,9.5
159,Croconaw,405,65,80,80,59,63,58,Water,,1.1,25
160,Feraligatr,530,85,105,100,79,83,78,Water,,2.3,88.8
161,Sentret,215,35,46,34,35,45,20,Normal,,0.8,6
162,Furret,415,85,76,64,45,55,90,Normal,,1.8,32.5
163,Hoothoot,262,60,30,30,36,56,50,Normal,Flying,0.7,21.2
164,Noctowl,452,100,50,50,86,96,70,Normal,Flying,1.6,40.8
165,Ledyba,265,40,20,30,40,80,55,Bug,Flying,1,10.8
166,Ledian,390,55,35,50,55,110,85,Bug,Flying,1.4,35.6
167,Spinarak,250,40,60,40,40,40,30,Bug,Poison,0.5,8.5
168,Ariados,400,70,90,70,60,70,40,Bug,Poison,1.1,33.5
169,Crobat,535,85,90,80,70,80,130,Poison,Flying,1.8,75
170,Chinchou,330,75,38,38,56,56,67,Water,Electric,0.5,12
171,Lanturn,460,125,58,58,76,76,67,Water,Electric,1.2,22.5
172,Pichu,205,20,40,15,35,35,60,Electric,,0.3,2
173,Cleffa,218,50,25,28,45,55,15,Fairy,,0.3,3
174,Igglybuff,210,90,30,15,40,20,15,Normal,Fairy,0.3,1
175,Togepi,245,35,20,65,40,65,20,Fairy,,0.3,1.5
176,Togetic,405,55,40,85,80,105,40,Fairy,Flying,0.6,3.2
177,Natu,320,40,50,45,70,45,70,Psychic,Flying,0.2,2
178,Xatu,470,65,75,70,95,70,95,Psychic,Flying,1.5,15
179,Mareep,280,55,40,40,65,45,35,Electric,,0.6,7.8
180,Flaaffy,365,70,55,55,80,60,45,Electric,,0.8,13.3
181,Ampharos,510,90,75,85,115,90,55,Electric,,1.4,61.5
181,Ampharos Mega Ampharos,610,90,95,105,165,110,45,Electric,Dragon,1.4,61.5
182,Bellossom,490,75,80,95,90,100,50,Grass,,0.4,5.8
183,Marill,250,70,20,50,20,50,40,Water,Fairy,0.4,8.5
184,Azumarill,420,100,50,80,60,80,50,Water,Fairy,0.8,28.5
185,Sudowoodo,410,70,100,115,30,65,30,Rock,,1.2,38
186,Politoed,500,90,75,75,90,100,70,Water,,1.1,33.9
187,Hoppip,250,35,35,40,35,55,50,Grass,Flying,0.4,0.5
188,Skiploom,340,55,45,50,45,65,80,Grass,Flying,0.6,1
189,Jumpluff,460,75,55,70,55,95,110,Grass,Flying,0.8,3
190,Aipom,360,55,70,55,40,55,85,Normal,,0.8,11.5
191,Sunkern,180,30,30,30,30,30,30,Grass,,0.3,1.8
192,Sunflora,425,75,75,55,105,85,30,Grass,,0.8,8.5
193,Yanma,390,65,65,45,75,45,95,Bug,Flying,1.2,38
194,Wooper,210,55,45,45,25,25,15,Water,Ground,0.4,8.5
194,Wooper Paldean Wooper,210,55,45,45,25,25,15,Poison,Ground,0.4,11
195,Quagsire,430,95,85,85,65,65,35,Water,Ground,1.4,75
196,Espeon,525,65,65,60,130,95,110,Psychic,,0.9,26.5
197,Umbreon,525,95,65,110,60,130,65,Dark,,1,27
198,Murkrow,405,60,85,42,85,42,91,Dark,Flying,0.5,2.1
199,Slowking,490,95,75,80,100,110,30,Water,Psychic,2,79.5
199,Slowking Galarian Slowking,490,95,65,80,110,110,30,Poison,Psychic,1.8,79.5
200,Misdreavus,435,60,60,60,85,85,85,Ghost,,0.7,1
201,Unown,336,48,72,48,72,48,48,Psychic,,0.5,5
202,Wobbuffet,405,190,33,58,33,58,33,Psychic,,1.3,28.5
203,Girafarig,455,70,80,65,90,65,85,Normal,Psychic,1.5,41.5
204,Pineco,290,50,65,90,35,35,15,Bug,,0.6,7.2
205,Forretress,465,75,90,140,60,60,40,Bug,Steel,1.2,125.8
206,Dunsparce,415,100,70,70,65,65,45,Normal,,1.5,14
207,Gligar,430,65,75,105,35,65,85,Ground,Flying,1.1,64.8
208,Steelix,510,75,85,200,55,65,30,Steel,Ground,9.2,400
208,Steelix Mega Steelix,610,75,125,230,55,95,30,Steel,Ground,10.5,740
209,Snubbull,300,60,80,50,40,40,30,Fairy,,0.6,7.8
210,Granbull,450,90,120,75,60,60,45,Fairy,,1.4,48.7
211,Qwilfish,440,65,95,85,55,55,85,Water,Poison,0.5,3.9
211,Qwilfish Hisuian Qwilfish,440,65,95,85,55,55,85,Dark,Poison,0.5,3.9
212,Scizor,500,70,130,100,55,80,65,Bug,Steel,1.8,118
212,Scizor Mega Scizor,600,70,150,140,65,100,75,Bug,Steel,2,125
213,Shuckle,505,20,10,230,10,230,5,Bug,Rock,0.6,20.5
214,Heracross,500,80,125,75,40,95,85,Bug,Fighting,1.5,54
214,Heracross Mega Heracross,600,80,185,115,40,105,75,Bug,Fighting,1.7,62.5
215,Sneasel,430,55,95,55,35,75,115,Dark,Ice,0.9,28
215,Sneasel Hisuian Sneasel,430,55,95,55,35,75,115,Fighting,Poison,0.9,27
216,Teddiursa,330,60,80,50,50,50,40,Normal,,0.6,8.8
217,Ursaring,500,90,130,75,75,75,55,Normal,,1.8,125.8
218,Slugma,250,40,40,40,70,40,20,Fire,,0.7,35
219,Magcargo,430,60,50,120,90,80,30,Fire,Rock,0.8,55
220,Swinub,250,50,50,40,30,30,50,Ice,Ground,0.4,6.5
221,Piloswine,450,100,100,80,60,60,50,Ice,Ground,1.1,55.8
222,Corsola,410,65,55,95,65,95,35,Water,Rock,0.6,5
222,Corsola Galarian Corsola,410,60,55,100,65,100,30,Ghost,,0.6,0.5
223,Remoraid,300,35,65,35,65,35,65,Water,,0.6,12
224,Octillery,480,75,105,75,105,75,45,Water,,0.9,28.5
225,Delibird,330,45,55,45,65,45,75,Ice,Flying,0.9,16
226,Mantine,485,85,40,70,80,140,70,Water,Flying,2.1,220
227,Skarmory,465,65,80,140,40,70,70,Steel,Flying,1.7,50.5
228,Houndour,330,45,60,30,80,50,65,Dark,Fire,0.6,10.8
229,Houndoom,500,75,90,50,110,80,95,Dark,Fire,1.4,35
229,Houndoom Mega Houndoom,600,75,90,90,140,90,115,Dark,Fire,1.9,49.5
230,Kingdra,540,75,95,95,95,95,85,Water,Dragon,1.8,152
231,Phanpy,330,90,60,60,40,40,40,Ground,,0.5,33.5
232,Donphan,500,90,120,120,60,60,50,Ground,,1.1,120
233,Porygon2,515,85,80,90,105,95,60,Normal,,0.6,32.5
234,Stantler,465,73,95,62,85,65,85,Normal,,1.4,71.2
235,Smeargle,250,55,20,35,20,45,75,Normal,,1.2,58
236,Tyrogue,210,35,35,35,35,35,35,Fighting,,0.7,21
237,Hitmontop,455,50,95,95,35,110,70,Fighting,,1.4,48
238,Smoochum,305,45,30,15,85,65,65,Ice,Psychic,0.4,6
239,Elekid,360,45,63,37,65,55,95,Electric,,0.6,23.5
240,Magby,365,45,75,37,70,55,83,Fire,,0.7,21.4
241,Miltank,490,95,80,105,40,70,100,Normal,,1.2,75.5
242,Blissey,540,255,10,10,75,135,55,Normal,,1.5,46.8
243,Raikou,580,90,85,75,115,100,115,Electric,,1.9,178
244,Entei,580,115,115,85,90,75,100,Fire,,2.1,198
245,Suicune,580,100,75,115,90,115,85,Water,,2,187
246,Larvitar,300,50,64,50,45,50,41,Rock,Ground,0.6,72
247,Pupitar,410,70,84,70,65,70,51,Rock,Ground,1.2,152
248,Tyranitar,600,100,134,110,95,100,61,Rock,Dark,2,202
248,Tyranitar Mega Tyranitar,700,100,164,150,95,120,71,Rock,Dark,2.5,255
249,Lugia,680,106,90,130,90,154,110,Psychic,Flying,5.2,216
250,Ho-oh,680,106,130,90,110,154,90,Fire,Flying,3.8,199
251,Celebi,600,100,100,100,100,100,100,Psychic,Grass,0.6,5
252,Treecko,310,40,45,35,65,55,70,Grass,,0.5,5
253,Grovyle,405,50,65,45,85,65,95,Grass,,0.9,21.6
254,Sceptile,530,70,85,65,105,85,120,Grass,,1.7,52.2
254,Sceptile Mega Sceptile,630,70,110,75,145,85,145,Grass,Dragon,1.9,55.2
255,Torchic,310,45,60,40,70,50,45,Fire,,0.4,2.5
256,Combusken,405,60,85,60,85,60,55,Fire,Fighting,0.9,19.5
257,Blaziken,530,80,120,70,110,70,80,Fire,Fighting,1.9,52
257,Blaziken Mega Blaziken,630,80,160,80,130,80,100,Fire,Fighting,1.9,52
258,Mudkip,310,50,70,50,50,50,40,Water,,0.4,7.6
259,Marshtomp,405,70,85,70,60,70,50,Water,Ground,0.7,28
260,Swampert,535,100,110,90,85,90,60,Water,Ground,1.5,81.9
260,Swampert Mega Swampert,635,100,150,110,95,110,70,Water,Ground,1.9,102
261,Poochyena,220,35,55,35,30,30,35,Dark,,0.5,13.6
262,Mightyena,420,70,90,70,60,60,70,Dark,,1,37
263,Zigzagoon,240,38,30,41,30,41,60,Normal,,0.4,17.5
263,Zigzagoon Galarian Zigzagoon,240,38,30,41,30,41,60,Dark,Normal,0.4,17.5
264,Linoone,420,78,70,61,50,61,100,Normal,,0.5,32.5
264,Linoone Galarian Linoone,420,78,70,61,50,61,100,Dark,Normal,0.5,32.5
265,Wurmple,195,45,45,35,20,30,20,Bug,,0.3,3.6
266,Silcoon,205,50,35,55,25,25,15,Bug,,0.6,10
267,Beautifly,395,60,70,50,100,50,65,Bug,Flying,1,28.4
268,Cascoon,205,50,35,55,25,25,15,Bug,,0.7,11.5
269,Dustox,385,60,50,70,50,90,65,Bug,Poison,1.2,31.6
270,Lotad,220,40,30,30,40,50,30,Water,Grass,0.5,2.6
271,Lombre,340,60,50,50,60,70,50,Water,Grass,1.2,32.5
272,Ludicolo,480,80,70,70,90,100,70,Water,Grass,1.5,55
273,Seedot,220,40,40,50,30,30,30,Grass,,0.5,4
274,Nuzleaf,340,70,70,40,60,40,60,Grass,Dark,1,28
275,Shiftry,480,90,100,60,90,60,80,Grass,Dark,1.3,59.6
276,Taillow,270,40,55,30,30,30,85,Normal,Flying,0.3,2.3
277,Swellow,455,60,85,60,75,50,125,Normal,Flying,0.7,19.8
278,Wingull,270,40,30,30,55,30,85,Water,Flying,0.6,9.5
279,Pelipper,440,60,50,100,95,70,65,Water,Flying,1.2,28
280,Ralts,198,28,25,25,45,35,40,Psychic,Fairy,0.4,6.6
281,Kirlia,278,38,35,35,65,55,50,Psychic,Fairy,0.8,20.2
282,Gardevoir,518,68,65,65,125,115,80,Psychic,Fairy,1.6,48.4
282,Gardevoir Mega Gardevoir,618,68,85,65,165,135,100,Psychic,Fairy,1.6,48.4
283,Surskit,269,40,30,32,50,52,65,Bug,Water,0.5,1.7
284,Masquerain,454,70,60,62,100,82,80,Bug,Flying,0.8,3.6
285,Shroomish,295,60,40,60,40,60,35,Grass,,0.4,4.5
286,Breloom,460,60,130,80,60,60,70,Grass,Fighting,1.2,39.2
287,Slakoth,280,60,60,60,35,35,30,Normal,,0.8,24
288,Vigoroth,440,80,80,80,55,55,90,Normal,,1.4,46.5
289,Slaking,670,150,160,100,95,65,100,Normal,,2,130.5
290,Nincada,266,31,45,90,30,30,40,Bug,Ground,0.5,5.5
291,Ninjask,456,61,90,45,50,50,160,Bug,Flying,0.8,12
292,Shedinja,236,1,90,45,30,30,40,Bug,Ghost,0.8,1.2
293,Whismur,240,64,51,23,51,23,28,Normal,,0.6,16.3
294,Loudred,360,84,71,43,71,43,48,Normal,,1,40.5
295,Exploud,490,104,91,63,91,73,68,Normal,,1.5,84
296,Makuhita,237,72,60,30,20,30,25,Fighting,,1,86.4
297,Hariyama,474,144,120,60,40,60,50,Fighting,,2.3,253.8
298,Azurill,190,50,20,40,20,40,20,Normal,Fairy,0.2,2
299,Nosepass,375,30,45,135,45,90,30,Rock,,1,97
300,Skitty,260,50,45,45,35,35,50,Normal,,0.6,11
301,Delcatty,400,70,65,65,55,55,90,Normal,,1.1,32.6
302,Sableye,380,50,75,75,65,65,50,Dark,Ghost,0.5,11
302,Sableye Mega Sableye,480,50,85,125,85,115,20,Dark,Ghost,0.5,161
303,Mawile,380,50,85,85,55,55,50,Steel,Fairy,0.6,11.5
303,Mawile Mega Mawile,480,50,105,125,55,95,50,Steel,Fairy,1,23.5
304,Aron,330,50,70,100,40,40,30,Steel,Rock,0.4,60
305,Lairon,430,60,90,140,50,50,40,Steel,Rock,0.9,120
306,Aggron,530,70,110,180,60,60,50,Steel,Rock,2.1,360
306,Aggron Mega Aggron,630,70,140,230,60,80,50,Steel,,2.2,395
307,Meditite,280,30,40,55,40,55,60,Fighting,Psychic,0.6,11.2
308,Medicham,410,60,60,75,60,75,80,Fighting,Psychic,1.3,31.5
308,Medicham Mega Medicham,510,60,100,85,80,85,100,Fighting,Psychic,1.3,31.5
309,Electrike,295,40,45,40,65,40,65,Electric,,0.6,15.2
310,Manectric,475,70,75,60,105,60,105,Electric,,1.5,40.2
310,Manectric Mega Manectric,575,70,75,80,135,80,135,Electric,,1.8,44
311,Plusle,405,60,50,40,85,75,95,Electric,,0.4,4.2
312,Minun,405,60,40,50,75,85,95,Electric,,0.4,4.2
313,Volbeat,430,65,73,75,47,85,85,Bug,,0.7,17.7
314,Illumise,430,65,47,75,73,85,85,Bug,,0.6,17.7
315,Roselia,400,50,60,45,100,80,65,Grass,Poison,0.3,2
316,Gulpin,302,70,43,53,43,53,40,Poison,,0.4,10.3
317,Swalot,467,100,73,83,73,83,55,Poison,,1.7,80
318,Carvanha,305,45,90,20,65,20,65,Water,Dark,0.8,20.8
319,Sharpedo,460,70,120,40,95,40,95,Water,Dark,1.8,88.8
319,Sharpedo Mega Sharpedo,560,70,140,70,110,65,105,Water,Dark,2.5,130.3
320,Wailmer,400,130,70,35,70,35,60,Water,,2,130
321,Wailord,500,170,90,45,90,45,60,Water,,14.5,398
322,Numel,305,60,60,40,65,45,35,Fire,Ground,0.7,24
323,Camerupt,460,70,100,70,105,75,40,Fire,Ground,1.9,220
323,Camerupt Mega Camerupt,560,70,120,100,145,105,20,Fire,Ground,2.5,320.5
324,Torkoal,470,70,85,140,85,70,20,Fire,,0.5,80.4
325,Spoink,330,60,25,35,70,80,60,Psychic,,0.7,30.6
326,Grumpig,470,80,45,65,90,110,80,Psychic,,0.9,71.5
327,Spinda,360,60,60,60,60,60,60,Normal,,1.1,5
328,Trapinch,290,45,100,45,45,45,10,Ground,,0.7,15
329,Vibrava,340,50,70,50,50,50,70,Ground,Dragon,1.1,15.3
330,Flygon,520,80,100,80,80,80,100,Ground,Dragon,2,82
331,Cacnea,335,50,85,40,85,40,35,Grass,,0.4,51.3
332,Cacturne,475,70,115,60,115,60,55,Grass,Dark,1.3,77.4
333,Swablu,310,45,40,60,40,75,50,Normal,Flying,0.4,1.2
334,Altaria,490,75,70,90,70,105,80,Dragon,Flying,1.1,20.6
334,Altaria Mega Altaria,590,75,110,110,110,105,80,Dragon,Fairy,1.5,20.6
335,Zangoose,458,73,115,60,60,60,90,Normal,,1.3,40.3
336,Seviper,458,73,100,60,100,60,65,Poison,,2.7,52.5
337,Lunatone,460,90,55,65,95,85,70,Rock,Psychic,1,168
338,Solrock,460,90,95,85,55,65,70,Rock,Psychic,1.2,154
339,Barboach,288,50,48,43,46,41,60,Water,Ground,0.4,1.9
340,Whiscash,468,110,78,73,76,71,60,Water,Ground,0.9,23.6
341,Corphish,308,43,80,65,50,35,35,Water,,0.6,11.5
342,Crawdaunt,468,63,120,85,90,55,55,Water,Dark,1.1,32.8
343,Baltoy,300,40,40,55,40,70,55,Ground,Psychic,0.5,21.5
344,Claydol,500,60,70,105,70,120,75,Ground,Psychic,1.5,108
345,Lileep,355,66,41,77,61,87,23,Rock,Grass,1,23.8
346,Cradily,495,86,81,97,81,107,43,Rock,Grass,1.5,60.4
347,Anorith,355,45,95,50,40,50,75,Rock,Bug,0.7,12.5
348,Armaldo,495,75,125,100,70,80,45,Rock,Bug,1.5,68.2
349,Feebas,200,20,15,20,10,55,80,Water,,0.6,7.4
350,Milotic,540,95,60,79,100,125,81,Water,,6.2,162
351,Castform,420,70,70,70,70,70,70,Normal,,0.3,0.8
351,Castform Sunny Form,420,70,70,70,70,70,70,Fire,,0.3,0.8
351,Castform Rainy Form,420,70,70,70,70,70,70,Water,,0.3,0.8
351,Castform Snowy Form,420,70,70,70,70,70,70,Ice,,0.3,0.8
352,Kecleon,440,60,90,70,60,120,40,Normal,,1,22
353,Shuppet,295,44,75,35,63,33,45,Ghost,,0.6,2.3
354,Banette,455,64,115,65,83,63,65,Ghost,,1.1,12.5
354,Banette Mega Banette,555,64,165,75,93,83,75,Ghost,,1.2,13
355,Duskull,295,20,40,90,30,90,25,Ghost,,0.8,15
356,Dusclops,455,40,70,130,60,130,25,Ghost,,1.6,30.6
357,Tropius,460,99,68,83,72,87,51,Grass,Flying,2,100
358,Chimecho,455,75,50,80,95,90,65,Psychic,,0.6,1
359,Absol,465,65,130,60,75,60,75,Dark,,1.2,47
359,Absol Mega Absol,565,65,150,60,115,60,115,Dark,,1.2,49
360,Wynaut,260,95,23,48,23,48,23,Psychic,,0.6,14
361,Snorunt,300,50,50,50,50,50,50,Ice,,0.7,16.8
362,Glalie,480,80,80,80,80,80,80,Ice,,1.5,256.5
362,Glalie Mega Glalie,580,80,120,80,120,80,100,Ice,,2.1,350.2
363,Spheal,290,70,40,50,55,50,25,Ice,Water,0.8,39.5
364,Sealeo,410,90,60,70,75,70,45,Ice,Water,1.1,87.6
365,Walrein,530,110,80,90,95,90,65,Ice,Water,1.4,150.6
366,Clamperl,345,35,64,85,74,55,32,Water,,0.4,52.5
367,Huntail,485,55,104,105,94,75,52,Water,,1.7,27
368,Gorebyss,485,55,84,105,114,75,52,Water,,1.8,22.6
369,Relicanth,485,100,90,130,45,65,55,Water,Rock,1,23.4
370,Luvdisc,330,43,30,55,40,65,97,Water,,0.6,8.7
371,Bagon,300,45,75,60,40,30,50,Dragon,,0.6,42.1
372,Shelgon,420,65,95,100,60,50,50,Dragon,,1.1,110.5
373,Salamence,600,95,135,80,110,80,100,Dragon,Flying,1.5,102.6
373,Salamence Mega Salamence,700,95,145,130,120,90,120,Dragon,Flying,1.8,112.6
374,Beldum,300,40,55,80,35,60,30,Steel,Psychic,0.6,95.2
375,Metang,420,60,75,100,55,80,50,Steel,Psychic,1.2,202.5
376,Metagross,600,80,135,130,95,90,70,Steel,Psychic,1.6,550
376,Metagross Mega Metagross,700,80,145,150,105,110,110,Steel,Psychic,2.5,942.9
377,Regirock,580,80,100,200,50,100,50,Rock,,1.7,230
378,Regice,580,80,50,100,100,200,50,Ice,,1.8,175
379,Registeel,580,80,75,150,75,150,50,Steel,,1.9,205
380,Latias,600,80,80,90,110,130,110,Dragon,Psychic,1.4,40
380,Latias Mega Latias,700,80,100,120,140,150,110,Dragon,Psychic,1.8,52
381,Latios,600,80,90,80,130,110,110,Dragon,Psychic,2,60
381,Latios Mega Latios,700,80,130,100,160,120,110,Dragon,Psychic,2.3,70
382,Kyogre,670,100,100,90,150,140,90,Water,,4.5,352
382,Kyogre Primal Kyogre,770,100,150,90,180,160,90,Water,,9.8,430
383,Groudon,670,100,150,140,100,90,90,Ground,,3.5,950
383,Groudon Primal Groudon,770,100,180,160,150,90,90,Ground,Fire,5,999.7
384,Rayquaza,680,105,150,90,150,90,95,Dragon,Flying,7,206.5
384,Rayquaza Mega Rayquaza,780,105,180,100,180,100,115,Dragon,Flying,10.8,392
385,Jirachi,600,100,100,100,100,100,100,Steel,Psychic,0.3,1.1
386,Deoxys Normal Forme,600,50,150,50,150,50,150,Psychic,,1.7,60.8
386,Deoxys Attack Forme,600,50,180,20,180,20,150,Psychic,,1.7,60.8
386,Deoxys Defense Forme,600,50,70,160,70,160,90,Psychic,,1.7,60.8
386,Deoxys Speed Forme,600,50,95,90,95,90,180,Psychic,,1.7,60.8
387,Turtwig,318,55,68,64,45,55,31,Grass,,0.4,10.2
388,Grotle,405,75,89,85,55,65,36,Grass,,1.1,97
389,Torterra,525,95,109,105,75,85,56,Grass,Ground,2.2,310
390,Chimchar,309,44,58,44,58,44,61,Fire,,0.5,6.2
391,Monferno,405,64,78,52,78,52,81,Fire,Fighting,0.9,22
392,Infernape,534,76,104,71,104,71,108,Fire,Fighting,1.2,55
393,Piplup,314,53,51,53,61,56,40,Water,,0.4,5.2
394,Prinplup,405,64,66,68,81,76,50,Water,,0.8,23
395,Empoleon,530,84,86,88,111,101,60,Water,Steel,1.7,84.5
396,Starly,245,40,55,30,30,30,60,Normal,Flying,0.3,2
397,Staravia,340,55,75,50,40,40,80,Normal,Flying,0.6,15.5
398,Staraptor,485,85,120,70,50,60,100,Normal,Flying,1.2,24.9
399,Bidoof,250,59,45,40,35,40,31,Normal,,0.5,20
400,Bibarel,410,79,85,60,55,60,71,Normal,Water,1,31.5
401,Kricketot,194,37,25,41,25,41,25,Bug,,0.3,2.2
402,Kricketune,384,77,85,51,55,51,65,Bug,,1,25.5
403,Shinx,263,45,65,34,40,34,45,Electric,,0.5,9.5
404,Luxio,363,60,85,49,60,49,60,Electric,,0.9,30.5
405,Luxray,523,80,120,79,95,79,70,Electric,,1.4,42
406,Budew,280,40,30,35,50,70,55,Grass,Poison,0.2,1.2
407,Roserade,515,60,70,65,125,105,90,Grass,Poison,0.9,14.5
408,Cranidos,350,67,125,40,30,30,58,Rock,,0.9,31.5
409,Rampardos,495,97,165,60,65,50,58,Rock,,1.6,102.5
410,Shieldon,350,30,42,118,42,88,30,Rock,Steel,0.5,57
411,Bastiodon,495,60,52,168,47,138,30,Rock,Steel,1.3,149.5
412,Burmy Plant Cloak,224,40,29,45,29,45,36,Bug,,0.2,3.4
412,Burmy Sandy Cloak,224,40,29,45,29,45,36,Bug,,0.2,3.4
412,Burmy Trash Cloak,224,40,29,45,29,45,36,Bug,,0.2,3.4
413,Wormadam Plant Cloak,424,60,59,85,79,105,36,Bug,Grass,0.5,6.5
413,Wormadam Sandy Cloak,424,60,79,105,59,85,36,Bug,Ground,0.5,6.5
413,Wormadam Trash Cloak,424,60,69,95,69,95,36,Bug,Steel,0.5,6.5
414,Mothim,424,70,94,50,94,50,66,Bug,Flying,0.9,23.3
415,Combee,244,30,30,42,30,42,70,Bug,Flying,0.3,5.5
416,Vespiquen,474,70,80,102,80,102,40,Bug,Flying,1.2,38.5
417,Pachirisu,405,60,45,70,45,90,95,Electric,,0.4,3.9
418,Buizel,330,55,65,35,60,30,85,Water,,0.7,29.5
419,Floatzel,495,85,105,55,85,50,115,Water,,1.1,33.5
420,Cherubi,275,45,35,45,62,53,35,Grass,,0.4,3.3
421,Cherrim,450,70,60,70,87,78,85,Grass,,0.5,9.3
422,Shellos,325,76,48,48,57,62,34,Water,,0.3,6.3
423,Gastrodon,475,111,83,68,92,82,39,Water,Ground,0.9,29.9
424,Ambipom,482,75,100,66,60,66,115,Normal,,1.2,20.3
425,Drifloon,348,90,50,34,60,44,70,Ghost,Flying,0.4,1.2
426,Drifblim,498,150,80,44,90,54,80,Ghost,Flying,1.2,15
427,Buneary,350,55,66,44,44,56,85,Normal,,0.4,5.5
428,Lopunny,480,65,76,84,54,96,105,Normal,,1.2,33.3
428,Lopunny Mega Lopunny,580,65,136,94,54,96,135,Normal,Fighting,1.3,28.3
429,Mismagius,495,60,60,60,105,105,105,Ghost,,0.9,4.4
430,Honchkrow,505,100,125,52,105,52,71,Dark,Flying,0.9,27.3
431,Glameow,310,49,55,42,42,37,85,Normal,,0.5,3.9
432,Purugly,452,71,82,64,64,59,112,Normal,,1,43.8
433,Chingling,285,45,30,50,65,50,45,Psychic,,0.2,0.6
434,Stunky,329,63,63,47,41,41,74,Poison,Dark,0.4,19.2
435,Skuntank,479,103,93,67,71,61,84,Poison,Dark,1,38
436,Bronzor,300,57,24,86,24,86,23,Steel,Psychic,0.5,60.5
437,Bronzong,500,67,89,116,79,116,33,Steel,Psychic,1.3,187
438,Bonsly,290,50,80,95,10,45,10,Rock,,0.5,15
439,Mime Jr.,310,20,25,45,70,90,60,Psychic,Fairy,0.6,13
440,Happiny,220,100,5,5,15,65,30,Normal,,0.6,24.4
441,Chatot,411,76,65,45,92,42,91,Normal,Flying,0.5,1.9
442,Spiritomb,485,50,92,108,92,108,35,Ghost,Dark,1,108
443,Gible,300,58,70,45,40,45,42,Dragon,Ground,0.7,20.5
444,Gabite,410,68,90,65,50,55,82,Dragon,Ground,1.4,56
445,Garchomp,600,108,130,95,80,85,102,Dragon,Ground,1.9,95
445,Garchomp Mega Garchomp,700,108,170,115,120,95,92,Dragon,Ground,1.9,95
446,Munchlax,390,135,85,40,40,85,5,Normal,,0.6,105
447,Riolu,285,40,70,40,35,40,60,Fighting,,0.7,20.2
448,Lucario,525,70,110,70,115,70,90,Fighting,Steel,1.2,54
448,Lucario Mega Lucario,625,70,145,88,140,70,112,Fighting,Steel,1.3,57.5
449,Hippopotas,330,68,72,78,38,42,32,Ground,,0.8,49.5
450,Hippowdon,525,108,112,118,68,72,47,Ground,,2,300
451,Skorupi,330,40,50,90,30,55,65,Poison,Bug,0.8,12
452,Drapion,500,70,90,110,60,75,95,Poison,Dark,1.3,61.5
453,Croagunk,300,48,61,40,61,40,50,Poison,Fighting,0.7,23
454,Toxicroak,490,83,106,65,86,65,85,Poison,Fighting,1.3,44.4
455,Carnivine,454,74,100,72,90,72,46,Grass,,1.4,27
456,Finneon,330,49,49,56,49,61,66,Water,,0.4,7
457,Lumineon,460,69,69,76,69,86,91,Water,,1.2,24
458,Mantyke,345,45,20,50,60,120,50,Water,Flying,1,65
459,Snover,334,60,62,50,62,60,40,Grass,Ice,1,50.5
460,Abomasnow,494,90,92,75,92,85,60,Grass,Ice,2.2,135.5
460,Abomasnow Mega Abomasnow,594,90,132,105,132,105,30,Grass,Ice,2.7,185
461,Weavile,510,70,120,65,45,85,125,Dark,Ice,1.1,34
462,Magnezone,535,70,70,115,130,90,60,Electric,Steel,1.2,180
463,Lickilicky,515,110,85,95,80,95,50,Normal,,1.7,140
464,Rhyperior,535,115,140,130,55,55,40,Ground,Rock,2.4,282.8
465,Tangrowth,535,100,100,125,110,50,50,Grass,,2,128.6
466,Electivire,540,75,123,67,95,85,95,Electric,,1.8,138.6
467,Magmortar,540,75,95,67,125,95,83,Fire,,1.6,68
468,Togekiss,545,85,50,95,120,115,80,Fairy,Flying,1.5,38
469,Yanmega,515,86,76,86,116,56,95,Bug,Flying,1.9,51.5
470,Leafeon,525,65,110,130,60,65,95,Grass,,1,25.5
471,Glaceon,525,65,60,110,130,95,65,Ice,,0.8,25.9
472,Gliscor,510,75,95,125,45,75,95,Ground,Flying,2,42.5
473,Mamoswine,530,110,130,80,70,60,80,Ice,Ground,2.5,291
474,Porygon-Z,535,85,80,70,135,75,90,Normal,,0.9,34
475,Gallade,518,68,125,65,65,115,80,Psychic,Fighting,1.6,52
475,Gallade Mega Gallade,618,68,165,95,65,115,110,Psychic,Fighting,1.6,56.4
476,Probopass,525,60,55,145,75,150,40,Rock,Steel,1.4,340
477,Dusknoir,525,45,100,135,65,135,45,Ghost,,2.2,106.6
478,Froslass,480,70,80,70,80,70,110,Ice,Ghost,1.3,26.6
479,Rotom,440,50,50,77,95,77,91,Electric,Ghost,0.3,0.3
479,Rotom Heat Rotom,520,50,65,107,105,107,86,Electric,Fire,0.3,0.3
479,Rotom Wash Rotom,520,50,65,107,105,107,86,Electric,Water,0.3,0.3
479,Rotom Frost Rotom,520,50,65,107,105,107,86,Electric,Ice,0.3,0.3
479,Rotom Fan Rotom,520,50,65,107,105,107,86,Electric,Flying,0.3,0.3
479,Rotom Mow Rotom,520,50,65,107,105,107,86,Electric,Grass,0.3,0.3
480,Uxie,580,75,75,130,75,130,95,Psychic,,0.3,0.3
481,Mesprit,580,80,105,105,105,105,80,Psychic,,0.3,0.3
482,Azelf,580,75,125,70,125,70,115,Psychic,,0.3,0.3
483,Dialga,680,100,120,120,150,100,90,Steel,Dragon,5.4,683
483,Dialga Origin Forme,680,100,100,120,150,120,90,Steel,Dragon,7,850
484,Palkia,680,90,120,100,150,120,100,Water,Dragon,4.2,336
484,Palkia Origin Forme,680,90,100,100,150,120,120,Water,Dragon,6.3,660
485,Heatran,600,91,90,106,130,106,77,Fire,Steel,1.7,430
486,Regigigas,670,110,160,110,80,110,100,Normal,,3.7,420
487,Giratina Altered Forme,680,150,100,120,100,120,90,Ghost,Dragon,4.5,750
487,Giratina Origin Forme,680,150,120,100,120,100,90,Ghost,Dragon,6.9,650
488,Cresselia,580,120,70,110,75,120,85,Psychic,,1.5,85.6
489,Phione,480,80,80,80,80,80,80,Water,,0.4,3.1
490,Manaphy,600,100,100,100,100,100,100,Water,,0.3,1.4
491,Darkrai,600,70,90,90,135,90,125,Dark,,1.5,50.5
492,Shaymin Land Forme,600,100,100,100,100,100,100,Grass,,0.2,2.1
492,Shaymin Sky Forme,600,100,103,75,120,75,127,Grass,Flying,0.4,5.2
493,Arceus,720,120,120,120,120,120,120,Normal,,3.2,320
494,Victini,600,100,100,100,100,100,100,Psychic,Fire,0.4,4
495,Snivy,308,45,45,55,45,55,63,Grass,,0.6,8.1
496,Servine,413,60,60,75,60,75,83,Grass,,0.8,16
497,Serperior,528,75,75,95,75,95,113,Grass,,3.3,63
498,Tepig,308,65,63,45,45,45,45,Fire,,0.5,9.9
499,Pignite,418,90,93,55,70,55,55,Fire,Fighting,1,55.5
500,Emboar,528,110,123,65,100,65,65,Fire,Fighting,1.6,150
501,Oshawott,308,55,55,45,63,45,45,Water,,0.5,5.9
502,Dewott,413,75,75,60,83,60,60,Water,,0.8,24.5
503,Samurott,528,95,100,85,108,70,70,Water,,1.5,94.6
503,Samurott Hisuian Samurott,528,90,108,80,100,65,85,Water,Dark,1.5,58.2
504,Patrat,255,45,55,39,35,39,42,Normal,,0.5,11.6
505,Watchog,420,60,85,69,60,69,77,Normal,,1.1,27
506,Lillipup,275,45,60,45,25,45,55,Normal,,0.4,4.1
507,Herdier,370,65,80,65,35,65,60,Normal,,0.9,14.7
508,Stoutland,500,85,110,90,45,90,80,Normal,,1.2,61
509,Purrloin,281,41,50,37,50,37,66,Dark,,0.4,10.1
510,Liepard,446,64,88,50,88,50,106,Dark,,1.1,37.5
511,Pansage,316,50,53,48,53,48,64,Grass,,0.6,10.5
512,Simisage,498,75,98,63,98,63,101,Grass,,1.1,30.5
513,Pansear,316,50,53,48,53,48,64,Fire,,0.6,11
514,Simisear,498,75,98,63,98,63,101,Fire,,1,28
515,Panpour,316,50,53,48,53,48,64,Water,,0.6,13.5
516,Simipour,498,75,98,63,98,63,101,Water,,1,29
517,Munna,292,76,25,45,67,55,24,Psychic,,0.6,23.3
518,Musharna,487,116,55,85,107,95,29,Psychic,,1.1,60.5
519,Pidove,264,50,55,50,36,30,43,Normal,Flying,0.3,2.1
520,Tranquill,358,62,77,62,50,42,65,Normal,Flying,0.6,15
521,Unfezant,488,80,115,80,65,55,93,Normal,Flying,1.2,29
522,Blitzle,295,45,60,32,50,32,76,Electric,,0.8,29.8
523,Zebstrika,497,75,100,63,80,63,116,Electric,,1.6,79.5
524,Roggenrola,280,55,75,85,25,25,15,Rock,,0.4,18
525,Boldore,390,70,105,105,50,40,20,Rock,,0.9,102
526,Gigalith,515,85,135,130,60,80,25,Rock,,1.7,260
527,Woobat,323,65,45,43,55,43,72,Psychic,Flying,0.4,2.1
528,Swoobat,425,67,57,55,77,55,114,Psychic,Flying,0.9,10.5
529,Drilbur,328,60,85,40,30,45,68,Ground,,0.3,8.5
530,Excadrill,508,110,135,60,50,65,88,Ground,Steel,0.7,40.4
531,Audino,445,103,60,86,60,86,50,Normal,,1.1,31
531,Audino Mega Audino,545,103,60,126,80,126,50,Normal,Fairy,1.5,32
532,Timburr,305,75,80,55,25,35,35,Fighting,,0.6,12.5
533,Gurdurr,405,85,105,85,40,50,40,Fighting,,1.2,40
534,Conkeldurr,505,105,140,95,55,65,45,Fighting,,1.4,87
535,Tympole,294,50,50,40,50,40,64,Water,,0.5,4.5
536,Palpitoad,384,75,65,55,65,55,69,Water,Ground,0.8,17
537,Seismitoad,509,105,95,75,85,75,74,Water,Ground,1.5,62
538,Throh,465,120,100,85,30,85,45,Fighting,,1.3,55.5
539,Sawk,465,75,125,75,30,75,85,Fighting,,1.4,51
540,Sewaddle,310,45,53,70,40,60,42,Bug,Grass,0.3,2.5
541,Swadloon,380,55,63,90,50,80,42,Bug,Grass,0.5,7.3
542,Leavanny,500,75,103,80,70,80,92,Bug,Grass,1.2,20.5
543,Venipede,260,30,45,59,30,39,57,Bug,Poison,0.4,5.3
544,Whirlipede,360,40,55,99,40,79,47,Bug,Poison,1.2,58.5
545,Scolipede,485,60,100,89,55,69,112,Bug,Poison,2.5,200.5
546,Cottonee,280,40,27,60,37,50,66,Grass,Fairy,0.3,0.6
547,Whimsicott,480,60,67,85,77,75,116,Grass,Fairy,0.7,6.6
548,Petilil,280,45,35,50,70,50,30,Grass,,0.5,6.6
549,Lilligant,480,70,60,75,110,75,90,Grass,,1.1,16.3
549,Lilligant Hisuian Lilligant,480,70,105,75,50,75,105,Grass,Fighting,1.2,19.2
550,Basculin Red-Striped Form,460,70,92,65,80,55,98,Water,,1,18
550,Basculin Blue-Striped Form,460,70,92,65,80,55,98,Water,,1,18
550,Basculin White-Striped Form,460,70,92,65,80,55,98,Water,,1,18
551,Sandile,292,50,72,35,35,35,65,Ground,Dark,0.7,15.2
552,Krokorok,351,60,82,45,45,45,74,Ground,Dark,1,33.4
553,Krookodile,519,95,117,80,65,70,92,Ground,Dark,1.5,96.3
554,Darumaka,315,70,90,45,15,45,50,Fire,,0.6,37.5
554,Darumaka Galarian Darumaka,315,70,90,45,15,45,50,Ice,,0.7,40
555,Darmanitan Standard Mode,480,105,140,55,30,55,95,Fire,,1.3,92.9
555,Darmanitan Zen Mode,540,105,30,105,140,105,55,Fire,Psychic,1.3,92.9
555,Darmanitan Galarian Standard Mode,480,105,140,55,30,55,95,Ice,,1.7,120
555,Darmanitan Galarian Zen Mode,540,105,160,55,30,55,135,Ice,Fire,1.7,120
556,Maractus,461,75,86,67,106,67,60,Grass,,1,28
557,Dwebble,325,50,65,85,35,35,55,Bug,Rock,0.3,14.5
558,Crustle,485,70,105,125,65,75,45,Bug,Rock,1.4,200
559,Scraggy,348,50,75,70,35,70,48,Dark,Fighting,0.6,11.8
560,Scrafty,488,65,90,115,45,115,58,Dark,Fighting,1.1,30
561,Sigilyph,490,72,58,80,103,80,97,Psychic,Flying,1.4,14
562,Yamask,303,38,30,85,55,65,30,Ghost,,0.5,1.5
562,Yamask Galarian Yamask,303,38,55,85,30,65,30,Ground,Ghost,0.5,1.5
563,Cofagrigus,483,58,50,145,95,105,30,Ghost,,1.7,76.5
564,Tirtouga,355,54,78,103,53,45,22,Water,Rock,0.7,16.5
565,Carracosta,495,74,108,133,83,65,32,Water,Rock,1.2,81
566,Archen,401,55,112,45,74,45,70,Rock,Flying,0.5,9.5
567,Archeops,567,75,140,65,112,65,110,Rock,Flying,1.4,32
568,Trubbish,329,50,50,62,40,62,65,Poison,,0.6,31
569,Garbodor,474,80,95,82,60,82,75,Poison,,1.9,107.3
570,Zorua,330,40,65,40,80,40,65,Dark,,0.7,12.5
570,Zorua Hisuian Zorua,330,35,60,40,85,40,70,Normal,Ghost,0.7,12.5
571,Zoroark,510,60,105,60,120,60,105,Dark,,1.6,81.1
571,Zoroark Hisuian Zoroark,510,55,100,60,125,60,110,Normal,Ghost,1.6,73
572,Minccino,300,55,50,40,40,40,75,Normal,,0.4,5.8
573,Cinccino,470,75,95,60,65,60,115,Normal,,0.5,7.5
574,Gothita,290,45,30,50,55,65,45,Psychic,,0.4,5.8
575,Gothorita,390,60,45,70,75,85,55,Psychic,,0.7,18
576,Gothitelle,490,70,55,95,95,110,65,Psychic,,1.5,44
577,Solosis,290,45,30,40,105,50,20,Psychic,,0.3,1
578,Duosion,370,65,40,50,125,60,30,Psychic,,0.6,8
579,Reuniclus,490,110,65,75,125,85,30,Psychic,,1,20.1
580,Ducklett,305,62,44,50,44,50,55,Water,Flying,0.5,5.5
581,Swanna,473,75,87,63,87,63,98,Water,Flying,1.3,24.2
582,Vanillite,305,36,50,50,65,60,44,Ice,,0.4,5.7
583,Vanillish,395,51,65,65,80,75,59,Ice,,1.1,41
584,Vanilluxe,535,71,95,85,110,95,79,Ice,,1.3,57.5
585,Deerling,335,60,60,50,40,50,75,Normal,Grass,0.6,19.5
586,Sawsbuck,475,80,100,70,60,70,95,Normal,Grass,1.9,92.5
587,Emolga,428,55,75,60,75,60,103,Electric,Flying,0.4,5
588,Karrablast,315,50,75,45,40,45,60,Bug,,0.5,5.9
589,Escavalier,495,70,135,105,60,105,20,Bug,Steel,1,33
590,Foongus,294,69,55,45,55,55,15,Grass,Poison,0.2,1
591,Amoonguss,464,114,85,70,85,80,30,Grass,Poison,0.6,10.5
592,Frillish,335,55,40,50,65,85,40,Water,Ghost,1.2,33
593,Jellicent,480,100,60,70,85,105,60,Water,Ghost,2.2,135
594,Alomomola,470,165,75,80,40,45,65,Water,,1.2,31.6
595,Joltik,319,50,47,50,57,50,65,Bug,Electric,0.1,0.6
596,Galvantula,472,70,77,60,97,60,108,Bug,Electric,0.8,14.3
597,Ferroseed,305,44,50,91,24,86,10,Grass,Steel,0.6,18.8
598,Ferrothorn,489,74,94,131,54,116,20,Grass,Steel,1,110
599,Klink,300,40,55,70,45,60,30,Steel,,0.3,21
600,Klang,440,60,80,95,70,85,50,Steel,,0.6,51
601,Klinklang,520,60,100,115,70,85,90,Steel,,0.6,81
602,Tynamo,275,35,55,40,45,40,60,Electric,,0.2,0.3
603,Eelektrik,405,65,85,70,75,70,40,Electric,,1.2,22
604,Eelektross,515,85,115,80,105,80,50,Electric,,2.1,80.5
605,Elgyem,335,55,55,55,85,55,30,Psychic,,0.5,9
606,Beheeyem,485,75,75,75,125,95,40,Psychic,,1,34.5
607,Litwick,275,50,30,55,65,55,20,Ghost,Fire,0.3,3.1
608,Lampent,370,60,40,60,95,60,55,Ghost,Fire,0.6,13
609,Chandelure,520,60,55,90,145,90,80,Ghost,Fire,1,34.3
610,Axew,320,46,87,60,30,40,57,Dragon,,0.6,18
611,Fraxure,410,66,117,70,40,50,67,Dragon,,1,36
612,Haxorus,540,76,147,90,60,70,97,Dragon,,1.8,105.5
613,Cubchoo,305,55,70,40,60,40,40,Ice,,0.5,8.5
614,Beartic,505,95,130,80,70,80,50,Ice,,2.6,260
615,Cryogonal,515,80,50,50,95,135,105,Ice,,1.1,148
616,Shelmet,305,50,40,85,40,65,25,Bug,,0.4,7.7
617,Accelgor,495,80,70,40,100,60,145,Bug,,0.8,25.3
618,Stunfisk,471,109,66,84,81,99,32,Ground,Electric,0.7,11
618,Stunfisk Galarian Stunfisk,471,109,81,99,66,84,32,Ground,Steel,0.7,20.5
619,Mienfoo,350,45,85,50,55,50,65,Fighting,,0.9,20
620,Mienshao,510,65,125,60,95,60,105,Fighting,,1.4,35.5
621,Druddigon,485,77,120,90,60,90,48,Dragon,,1.6,139
622,Golett,303,59,74,50,35,50,35,Ground,Ghost,1,92
623,Golurk,483,89,124,80,55,80,55,Ground,Ghost,2.8,330
624,Pawniard,340,45,85,70,40,40,60,Dark,Steel,0.5,10.2
625,Bisharp,490,65,125,100,60,70,70,Dark,Steel,1.6,70
626,Bouffalant,490,95,110,95,40,95,55,Normal,,1.6,94.6
627,Rufflet,350,70,83,50,37,50,60,Normal,Flying,0.5,10.5
628,Braviary,510,100,123,75,57,75,80,Normal,Flying,1.5,41
628,Braviary Hisuian Braviary,510,110,83,70,112,70,65,Psychic,Flying,1.7,43.4
629,Vullaby,370,70,55,75,45,65,60,Dark,Flying,0.5,9
630,Mandibuzz,510,110,65,105,55,95,80,Dark,Flying,1.2,39.5
631,Heatmor,484,85,97,66,105,66,65,Fire,,1.4,58
632,Durant,484,58,109,112,48,48,109,Bug,Steel,0.3,33
633,Deino,300,52,65,50,45,50,38,Dark,Dragon,0.8,17.3
634,Zweilous,420,72,85,70,65,70,58,Dark,Dragon,1.4,50
635,Hydreigon,600,92,105,90,125,90,98,Dark,Dragon,1.8,160
636,Larvesta,360,55,85,55,50,55,60,Bug,Fire,1.1,28.8
637,Volcarona,550,85,60,65,135,105,100,Bug,Fire,1.6,46
638,Cobalion,580,91,90,129,90,72,108,Steel,Fighting,2.1,250
639,Terrakion,580,91,129,90,72,90,108,Rock,Fighting,1.9,260
640,Virizion,580,91,90,72,90,129,108,Grass,Fighting,2,200
641,Tornadus Incarnate Forme,580,79,115,70,125,80,111,Flying,,1.5,63
641,Tornadus Therian Forme,580,79,100,80,110,90,121,Flying,,1.4,63
642,Thundurus Incarnate Forme,580,79,115,70,125,80,111,Electric,Flying,1.5,61
642,Thundurus Therian Forme,580,79,105,70,145,80,101,Electric,Flying,3,61
643,Reshiram,680,100,120,100,150,120,90,Dragon,Fire,3.2,330
644,Zekrom,680,100,150,120,120,100,90,Dragon,Electric,2.9,345
645,Landorus Incarnate Forme,600,89,125,90,115,80,101,Ground,Flying,1.5,68
645,Landorus Therian Forme,600,89,145,90,105,80,91,Ground,Flying,1.3,68
646,Kyurem,660,125,130,90,130,90,95,Dragon,Ice,3,325
646,Kyurem White Kyurem,700,125,120,90,170,100,95,Dragon,Ice,3.6,325
646,Kyurem Black Kyurem,700,125,170,100,120,90,95,Dragon,Ice,3.3,325
647,Keldeo Ordinary Form,580,91,72,90,129,90,108,Water,Fighting,1.4,48.5
647,Keldeo Resolute Form,580,91,72,90,129,90,108,Water,Fighting,1.4,48.5
648,Meloetta Aria Forme,600,100,77,77,128,128,90,Normal,Psychic,0.6,6.5
648,Meloetta Pirouette Forme,600,100,128,90,77,77,128,Normal,Fighting,0.6,6.5
649,Genesect,600,71,120,95,120,95,99,Bug,Steel,1.5,82.5
650,Chespin,313,56,61,65,48,45,38,Grass,,0.4,9
651,Quilladin,405,61,78,95,56,58,57,Grass,,0.7,29
652,Chesnaught,530,88,107,122,74,75,64,Grass,Fighting,1.6,90
653,Fennekin,307,40,45,40,62,60,60,Fire,,0.4,9.4
654,Braixen,409,59,59,58,90,70,73,Fire,,1,14.5
655,Delphox,534,75,69,72,114,100,104,Fire,Psychic,1.5,39
656,Froakie,314,41,56,40,62,44,71,Water,,0.3,7
657,Frogadier,405,54,63,52,83,56,97,Water,,0.6,10.9
658,Greninja,530,72,95,67,103,71,122,Water,Dark,1.5,40
658,Greninja Ash-Greninja,640,72,145,67,153,71,132,Water,Dark,1.5,40
659,Bunnelby,237,38,36,38,32,36,57,Normal,,0.4,5
660,Diggersby,423,85,56,77,50,77,78,Normal,Ground,1,42.4
661,Fletchling,278,45,50,43,40,38,62,Normal,Flying,0.3,1.7
662,Fletchinder,382,62,73,55,56,52,84,Fire,Flying,0.7,16
663,Talonflame,499,78,81,71,74,69,126,Fire,Flying,1.2,24.5
664,Scatterbug,200,38,35,40,27,25,35,Bug,,0.3,2.5
665,Spewpa,213,45,22,60,27,30,29,Bug,,0.3,8.4
666,Vivillon,411,80,52,50,90,50,89,Bug,Flying,1.2,17
667,Litleo,369,62,50,58,73,54,72,Fire,Normal,0.6,13.5
668,Pyroar,507,86,68,72,109,66,106,Fire,Normal,1.5,81.5
669,Flabébé,303,44,38,39,61,79,42,Fairy,,0.1,0.1
670,Floette,371,54,45,47,75,98,52,Fairy,,0.2,0.9
671,Florges,552,78,65,68,112,154,75,Fairy,,1.1,10
672,Skiddo,350,66,65,48,62,57,52,Grass,,0.9,31
673,Gogoat,531,123,100,62,97,81,68,Grass,,1.7,91
674,Pancham,348,67,82,62,46,48,43,Fighting,,0.6,8
675,Pangoro,495,95,124,78,69,71,58,Fighting,Dark,2.1,136
676,Furfrou,472,75,80,60,65,90,102,Normal,,1.2,28
677,Espurr,355,62,48,54,63,60,68,Psychic,,0.3,3.5
678,Meowstic Male,466,74,48,76,83,81,104,Psychic,,0.6,8.5
678,Meowstic Female,466,74,48,76,83,81,104,Psychic,,0.6,8.5
679,Honedge,325,45,80,100,35,37,28,Steel,Ghost,0.8,2
680,Doublade,448,59,110,150,45,49,35,Steel,Ghost,0.8,4.5
681,Aegislash Shield Forme,500,60,50,140,50,140,60,Steel,Ghost,1.7,53
681,Aegislash Blade Forme,500,60,140,50,140,50,60,Steel,Ghost,1.7,53
682,Spritzee,341,78,52,60,63,65,23,Fairy,,0.2,0.5
683,Aromatisse,462,101,72,72,99,89,29,Fairy,,0.8,15.5
684,Swirlix,341,62,48,66,59,57,49,Fairy,,0.4,3.5
685,Slurpuff,480,82,80,86,85,75,72,Fairy,,0.8,5
686,Inkay,288,53,54,53,37,46,45,Dark,Psychic,0.4,3.5
687,Malamar,482,86,92,88,68,75,73,Dark,Psychic,1.5,47
688,Binacle,306,42,52,67,39,56,50,Rock,Water,0.5,31
689,Barbaracle,500,72,105,115,54,86,68,Rock,Water,1.3,96
690,Skrelp,320,50,60,60,60,60,30,Poison,Water,0.5,7.3
691,Dragalge,494,65,75,90,97,123,44,Poison,Dragon,1.8,81.5
692,Clauncher,330,50,53,62,58,63,44,Water,,0.5,8.3
693,Clawitzer,500,71,73,88,120,89,59,Water,,1.3,35.3
694,Helioptile,289,44,38,33,61,43,70,Electric,Normal,0.5,6
695,Heliolisk,481,62,55,52,109,94,109,Electric,Normal,1,21
696,Tyrunt,362,58,89,77,45,45,48,Rock,Dragon,0.8,26
697,Tyrantrum,521,82,121,119,69,59,71,Rock,Dragon,2.5,270
698,Amaura,362,77,59,50,67,63,46,Rock,Ice,1.3,25.2
699,Aurorus,521,123,77,72,99,92,58,Rock,Ice,2.7,225
700,Sylveon,525,95,65,65,110,130,60,Fairy,,1,23.5
701,Hawlucha,500,78,92,75,74,63,118,Fighting,Flying,0.8,21.5
702,Dedenne,431,67,58,57,81,67,101,Electric,Fairy,0.2,2.2
703,Carbink,500,50,50,150,50,150,50,Rock,Fairy,0.3,5.7
704,Goomy,300,45,50,35,55,75,40,Dragon,,0.3,2.8
705,Sliggoo,452,68,75,53,83,113,60,Dragon,,0.8,17.5
705,Sliggoo Hisuian Sliggoo,452,58,75,83,83,113,40,Steel,Dragon,0.7,68.5
706,Goodra,600,90,100,70,110,150,80,Dragon,,2,150.5
706,Goodra Hisuian Goodra,600,80,100,100,110,150,60,Steel,Dragon,1.7,334.1
707,Klefki,470,57,80,91,80,87,75,Steel,Fairy,0.2,3
708,Phantump,309,43,70,48,50,60,38,Ghost,Grass,0.4,7
709,Trevenant,474,85,110,76,65,82,56,Ghost,Grass,1.5,71
710,Pumpkaboo Average Size,335,49,66,70,44,55,51,Ghost,Grass,0.4,5
710,Pumpkaboo Small Size,335,44,66,70,44,55,56,Ghost,Grass,0.3,3.5
710,Pumpkaboo Large Size,335,54,66,70,44,55,46,Ghost,Grass,0.5,7.5
710,Pumpkaboo Super Size,335,59,66,70,44,55,41,Ghost,Grass,0.8,15
711,Gourgeist Average Size,494,65,90,122,58,75,84,Ghost,Grass,0.9,12.5
711,Gourgeist Small Size,494,55,85,122,58,75,99,Ghost,Grass,0.7,9.5
711,Gourgeist Large Size,494,75,95,122,58,75,69,Ghost,Grass,1.1,14
711,Gourgeist Super Size,494,85,100,122,58,75,54,Ghost,Grass,1.7,39
712,Bergmite,304,55,69,85,32,35,28,Ice,,1,99.5
713,Avalugg,514,95,117,184,44,46,28,Ice,,2,505
713,Avalugg Hisuian Avalugg,514,95,127,184,34,36,38,Ice,Rock,1.4,262.4
714,Noibat,245,40,30,35,45,40,55,Flying,Dragon,0.5,8
715,Noivern,535,85,70,80,97,80,123,Flying,Dragon,1.5,85
716,Xerneas,680,126,131,95,131,98,99,Fairy,,3,215
717,Yveltal,680,126,131,95,131,98,99,Dark,Flying,5.8,203
718,Zygarde 50% Forme,600,108,100,121,81,95,95,Dragon,Ground,5,305
718,Zygarde 10% Forme,486,54,100,71,61,85,115,Dragon,Ground,1.2,33.5
718,Zygarde Complete Forme,708,216,100,121,91,95,85,Dragon,Ground,4.5,610
719,Diancie,600,50,100,150,100,150,50,Rock,Fairy,0.7,8.8
719,Diancie Mega Diancie,700,50,160,110,160,110,110,Rock,Fairy,1.1,27.8
720,Hoopa Hoopa Confined,600,80,110,60,150,130,70,Psychic,Ghost,0.5,9
720,Hoopa Hoopa Unbound,680,80,160,60,170,130,80,Psychic,Dark,6.5,490
721,Volcanion,600,80,110,120,130,90,70,Fire,Water,1.7,195
722,Rowlet,320,68,55,55,50,50,42,Grass,Flying,0.3,1.5
723,Dartrix,420,78,75,75,70,70,52,Grass,Flying,0.7,16
724,Decidueye,530,78,107,75,100,100,70,Grass,Ghost,1.6,36.6
724,Decidueye Hisuian Decidueye,530,88,112,80,95,95,60,Grass,Fighting,1.6,37
725,Litten,320,45,65,40,60,40,70,Fire,,0.4,4.3
726,Torracat,420,65,85,50,80,50,90,Fire,,0.7,25
727,Incineroar,530,95,115,90,80,90,60,Fire,Dark,1.8,83
728,Popplio,320,50,54,54,66,56,40,Water,,0.4,7.5
729,Brionne,420,60,69,69,91,81,50,Water,,0.6,17.5
730,Primarina,530,80,74,74,126,116,60,Water,Fairy,1.8,44
731,Pikipek,265,35,75,30,30,30,65,Normal,Flying,0.3,1.2
732,Trumbeak,355,55,85,50,40,50,75,Normal,Flying,0.6,14.8
733,Toucannon,485,80,120,75,75,75,60,Normal,Flying,1.1,26
734,Yungoos,253,48,70,30,30,30,45,Normal,,0.4,6
735,Gumshoos,418,88,110,60,55,60,45,Normal,,0.7,14.2
736,Grubbin,300,47,62,45,55,45,46,Bug,,0.4,4.4
737,Charjabug,400,57,82,95,55,75,36,Bug,Electric,0.5,10.5
738,Vikavolt,500,77,70,90,145,75,43,Bug,Electric,1.5,45
739,Crabrawler,338,47,82,57,42,47,63,Fighting,,0.6,7
740,Crabominable,478,97,132,77,62,67,43,Fighting,Ice,1.7,180
741,Oricorio Baile Style,476,75,70,70,98,70,93,Fire,Flying,0.6,3.4
741,Oricorio Pom-Pom Style,476,75,70,70,98,70,93,Electric,Flying,0.6,3.4
741,Oricorio Pa'u Style,476,75,70,70,98,70,93,Psychic,Flying,0.6,3.4
741,Oricorio Sensu Style,476,75,70,70,98,70,93,Ghost,Flying,0.6,3.4
742,Cutiefly,304,40,45,40,55,40,84,Bug,Fairy,0.1,0.2
743,Ribombee,464,60,55,60,95,70,124,Bug,Fairy,0.2,0.5
744,Rockruff,280,45,65,40,30,40,60,Rock,,0.5,9.2
744,Rockruff Own Tempo Rockruff,280,45,65,40,30,40,60,Rock,,0.5,9.2
745,Lycanroc Midday Form,487,75,115,65,55,65,112,Rock,,0.8,25
745,Lycanroc Midnight Form,487,85,115,75,55,75,82,Rock,,1.1,25
745,Lycanroc Dusk Form,487,75,117,65,55,65,110,Rock,,0.8,25
746,Wishiwashi Solo Form,175,45,20,20,25,25,40,Water,,0.2,0.3
746,Wishiwashi School Form,620,45,140,130,140,135,30,Water,,8.2,78.6
747,Mareanie,305,50,53,62,43,52,45,Poison,Water,0.4,8
748,Toxapex,495,50,63,152,53,142,35,Poison,Water,0.7,14.5
749,Mudbray,385,70,100,70,45,55,45,Ground,,1,110
750,Mudsdale,500,100,125,100,55,85,35,Ground,,2.5,920
751,Dewpider,269,38,40,52,40,72,27,Water,Bug,0.3,4
752,Araquanid,454,68,70,92,50,132,42,Water,Bug,1.8,82
753,Fomantis,250,40,55,35,50,35,35,Grass,,0.3,1.5
754,Lurantis,480,70,105,90,80,90,45,Grass,,0.9,18.5
755,Morelull,285,40,35,55,65,75,15,Grass,Fairy,0.2,1.5
756,Shiinotic,405,60,45,80,90,100,30,Grass,Fairy,1,11.5
757,Salandit,320,48,44,40,71,40,77,Poison,Fire,0.6,4.8
758,Salazzle,480,68,64,60,111,60,117,Poison,Fire,1.2,22.2
759,Stufful,340,70,75,50,45,50,50,Normal,Fighting,0.5,6.8
760,Bewear,500,120,125,80,55,60,60,Normal,Fighting,2.1,135
761,Bounsweet,210,42,30,38,30,38,32,Grass,,0.3,3.2
762,Steenee,290,52,40,48,40,48,62,Grass,,0.7,8.2
763,Tsareena,510,72,120,98,50,98,72,Grass,,1.2,21.4
764,Comfey,485,51,52,90,82,110,100,Fairy,,0.1,0.3
765,Oranguru,490,90,60,80,90,110,60,Normal,Psychic,1.5,76
766,Passimian,490,100,120,90,40,60,80,Fighting,,2,82.8
767,Wimpod,230,25,35,40,20,30,80,Bug,Water,0.5,12
768,Golisopod,530,75,125,140,60,90,40,Bug,Water,2,108
769,Sandygast,320,55,55,80,70,45,15,Ghost,Ground,0.5,70
770,Palossand,480,85,75,110,100,75,35,Ghost,Ground,1.3,250
771,Pyukumuku,410,55,60,130,30,130,5,Water,,0.3,1.2
772,Type: Null,534,95,95,95,95,95,59,Normal,,1.9,120.5
773,Silvally,570,95,95,95,95,95,95,Normal,,2.3,100.5
774,Minior Meteor Form,440,60,60,100,60,100,60,Rock,Flying,0.3,40
774,Minior Core Form,500,60,100,60,100,60,120,Rock,Flying,0.3,0.3
775,Komala,480,65,115,65,75,95,65,Normal,,0.4,19.9
776,Turtonator,485,60,78,135,91,85,36,Fire,Dragon,2,212
777,Togedemaru,435,65,98,63,40,73,96,Electric,Steel,0.3,3.3
778,Mimikyu,476,55,90,80,50,105,96,Ghost,Fairy,0.2,0.7
779,Bruxish,475,68,105,70,70,70,92,Water,Psychic,0.9,19
780,Drampa,485,78,60,85,135,91,36,Normal,Dragon,3,185
781,Dhelmise,517,70,131,100,86,90,40,Ghost,Grass,3.9,210
782,Jangmo-o,300,45,55,65,45,45,45,Dragon,,0.6,29.7
783,Hakamo-o,420,55,75,90,65,70,65,Dragon,Fighting,1.2,47
784,Kommo-o,600,75,110,125,100,105,85,Dragon,Fighting,1.6,78.2
785,Tapu Koko,570,70,115,85,95,75,130,Electric,Fairy,1.8,20.5
786,Tapu Lele,570,70,85,75,130,115,95,Psychic,Fairy,1.2,18.6
787,Tapu Bulu,570,70,130,115,85,95,75,Grass,Fairy,1.9,45.5
788,Tapu Fini,570,70,75,115,95,130,85,Water,Fairy,1.3,21.2
789,Cosmog,200,43,29,31,29,31,37,Psychic,,0.2,0.1
790,Cosmoem,400,43,29,131,29,131,37,Psychic,,0.1,999.9
791,Solgaleo,680,137,137,107,113,89,97,Psychic,Steel,3.4,230
792,Lunala,680,137,113,89,137,107,97,Psychic,Ghost,4,120
793,Nihilego,570,109,53,47,127,131,103,Rock,Poison,1.2,55.5
794,Buzzwole,570,107,139,139,53,53,79,Bug,Fighting,2.4,333.6
795,Pheromosa,570,71,137,37,137,37,151,Bug,Fighting,1.8,25
796,Xurkitree,570,83,89,71,173,71,83,Electric,,3.8,100
797,Celesteela,570,97,101,103,107,101,61,Steel,Flying,9.2,999.9
798,Kartana,570,59,181,131,59,31,109,Grass,Steel,0.3,0.1
799,Guzzlord,570,223,101,53,97,53,43,Dark,Dragon,5.5,888
800,Necrozma,600,97,107,101,127,89,79,Psychic,,2.4,230
800,Necrozma Dusk Mane Necrozma,680,97,157,127,113,109,77,Psychic,Steel,3.8,460
800,Necrozma Dawn Wings Necrozma,680,97,113,109,157,127,77,Psychic,Ghost,4.2,350
800,Necrozma Ultra Necrozma,754,97,167,97,167,97,129,Psychic,Dragon,7.5,230
801,Magearna,600,80,95,115,130,115,65,Steel,Fairy,1,80.5
802,Marshadow,600,90,125,80,90,90,125,Fighting,Ghost,0.7,22.2
803,Poipole,420,67,73,67,73,67,73,Poison,,0.6,1.8
804,Naganadel,540,73,73,73,127,73,121,Poison,Dragon,3.6,150
805,Stakataka,570,61,131,211,53,101,13,Rock,Steel,5.5,820
806,Blacephalon,570,53,127,53,151,79,107,Fire,Ghost,1.8,13
807,Zeraora,600,88,112,75,102,80,143,Electric,,1.5,44.5
808,Meltan,300,46,65,65,55,35,34,Steel,,0.2,8
809,Melmetal,600,135,143,143,80,65,34,Steel,,2.5,800
810,Grookey,310,50,65,50,40,40,65,Grass,,0.3,5
811,Thwackey,420,70,85,70,55,60,80,Grass,,0.7,14
812,Rillaboom,530,100,125,90,60,70,85,Grass,,2.1,90
813,Scorbunny,310,50,71,40,40,40,69,Fire,,0.3,4.5
814,Raboot,420,65,86,60,55,60,94,Fire,,0.6,9
815,Cinderace,530,80,116,75,65,75,119,Fire,,1.4,33
816,Sobble,310,50,40,40,70,40,70,Water,,0.3,4
817,Drizzile,420,65,60,55,95,55,90,Water,,0.7,11.5
818,Inteleon,530,70,85,65,125,65,120,Water,,1.9,45.2
819,Skwovet,275,70,55,55,35,35,25,Normal,,0.3,2.5
820,Greedent,460,120,95,95,55,75,20,Normal,,0.6,6
821,Rookidee,245,38,47,35,33,35,57,Flying,,0.2,1.8
822,Corvisquire,365,68,67,55,43,55,77,Flying,,0.8,16
823,Corviknight,495,98,87,105,53,85,67,Flying,Steel,2.2,75
824,Blipbug,180,25,20,20,25,45,45,Bug,,0.4,8
825,Dottler,335,50,35,80,50,90,30,Bug,Psychic,0.4,19.5
826,Orbeetle,505,60,45,110,80,120,90,Bug,Psychic,0.4,40.8
827,Nickit,245,40,28,28,47,52,50,Dark,,0.6,8.9
828,Thievul,455,70,58,58,87,92,90,Dark,,1.2,19.9
829,Gossifleur,250,40,40,60,40,60,10,Grass,,0.4,2.2
830,Eldegoss,460,60,50,90,80,120,60,Grass,,0.5,2.5
831,Wooloo,270,42,40,55,40,45,48,Normal,,0.6,6
832,Dubwool,490,72,80,100,60,90,88,Normal,,1.3,43
833,Chewtle,284,50,64,50,38,38,44,Water,,0.3,8.5
834,Drednaw,485,90,115,90,48,68,74,Water,Rock,1,115.5
835,Yamper,270,59,45,50,40,50,26,Electric,,0.3,13.5
836,Boltund,490,69,90,60,90,60,121,Electric,,1,34
837,Rolycoly,240,30,40,50,40,50,30,Rock,,0.3,12
838,Carkol,410,80,60,90,60,70,50,Rock,Fire,1.1,78
839,Coalossal,510,110,80,120,80,90,30,Rock,Fire,2.8,310.5
840,Applin,260,40,40,80,40,40,20,Grass,Dragon,0.2,0.5
841,Flapple,485,70,110,80,95,60,70,Grass,Dragon,0.3,1
842,Appletun,485,110,85,80,100,80,30,Grass,Dragon,0.4,13
843,Silicobra,315,52,57,75,35,50,46,Ground,,2.2,7.6
844,Sandaconda,510,72,107,125,65,70,71,Ground,,3.8,65.5
845,Cramorant,475,70,85,55,85,95,85,Flying,Water,0.8,18
846,Arrokuda,280,41,63,40,40,30,66,Water,,0.5,1
847,Barraskewda,490,61,123,60,60,50,136,Water,,1.3,30
848,Toxel,242,40,38,35,54,35,40,Electric,Poison,0.4,11
849,Toxtricity Amped Form,502,75,98,70,114,70,75,Electric,Poison,1.6,40
849,Toxtricity Low Key Form,502,75,98,70,114,70,75,Electric,Poison,1.6,40
850,Sizzlipede,305,50,65,45,50,50,45,Fire,Bug,0.7,1
851,Centiskorch,525,100,115,65,90,90,65,Fire,Bug,3,120
852,Clobbopus,310,50,68,60,50,50,32,Fighting,,0.6,4
853,Grapploct,480,80,118,90,70,80,42,Fighting,,1.6,39
854,Sinistea,308,40,45,45,74,54,50,Ghost,,0.1,0.2
855,Polteageist,508,60,65,65,134,114,70,Ghost,,0.2,0.4
856,Hatenna,265,42,30,45,56,53,39,Psychic,,0.4,3.4
857,Hattrem,370,57,40,65,86,73,49,Psychic,,0.6,4.8
858,Hatterene,510,57,90,95,136,103,29,Psychic,Fairy,2.1,5.1
859,Impidimp,265,45,45,30,55,40,50,Dark,Fairy,0.4,5.5
860,Morgrem,370,65,60,45,75,55,70,Dark,Fairy,0.8,12.5
861,Grimmsnarl,510,95,120,65,95,75,60,Dark,Fairy,1.5,61
862,Obstagoon,520,93,90,101,60,81,95,Dark,Normal,1.6,46
863,Perrserker,440,70,110,100,50,60,50,Steel,,0.8,28
864,Cursola,510,60,95,50,145,130,30,Ghost,,1,0.4
865,Sirfetch'd,507,62,135,95,68,82,65,Fighting,,0.8,117
866,Mr. Rime,520,80,85,75,110,100,70,Ice,Psychic,1.5,58.2
867,Runerigus,483,58,95,145,50,105,30,Ground,Ghost,1.6,66.6
868,Milcery,270,45,40,40,50,61,34,Fairy,,0.2,0.3
869,Alcremie,495,65,60,75,110,121,64,Fairy,,0.3,0.5
870,Falinks,470,65,100,100,70,60,75,Fighting,,3,62
871,Pincurchin,435,48,101,95,91,85,15,Electric,,0.3,1
872,Snom,185,30,25,35,45,30,20,Ice,Bug,0.3,3.8
873,Frosmoth,475,70,65,60,125,90,65,Ice,Bug,1.3,42
874,Stonjourner,470,100,125,135,20,20,70,Rock,,2.5,520
875,Eiscue Ice Face,470,75,80,110,65,90,50,Ice,,1.4,89
875,Eiscue Noice Face,470,75,80,70,65,50,130,Ice,,1.4,89
876,Indeedee Male,475,60,65,55,105,95,95,Psychic,Normal,0.9,28
876,Indeedee Female,475,70,55,65,95,105,85,Psychic,Normal,0.9,28
877,Morpeko Full Belly Mode,436,58,95,58,70,58,97,Electric,Dark,0.3,3
877,Morpeko Hangry Mode,436,58,95,58,70,58,97,Electric,Dark,0.3,3
878,Cufant,330,72,80,49,40,49,40,Steel,,1.2,100
879,Copperajah,500,122,130,69,80,69,30,Steel,,3,650
880,Dracozolt,505,90,100,90,80,70,75,Electric,Dragon,1.8,190
881,Arctozolt,505,90,100,90,90,80,55,Electric,Ice,2.3,150
882,Dracovish,505,90,90,100,70,80,75,Water,Dragon,2.3,215
883,Arctovish,505,90,90,100,80,90,55,Water,Ice,2,175
884,Duraludon,535,70,95,115,120,50,85,Steel,Dragon,1.8,40
885,Dreepy,270,28,60,30,40,30,82,Dragon,Ghost,0.5,2
886,Drakloak,410,68,80,50,60,50,102,Dragon,Ghost,1.4,11
887,Dragapult,600,88,120,75,100,75,142,Dragon,Ghost,3,50
888,Zacian Hero of Many Battles,660,92,120,115,80,115,138,Fairy,,2.8,110
888,Zacian Crowned Sword,700,92,150,115,80,115,148,Fairy,Steel,2.8,355
889,Zamazenta Hero of Many Battles,660,92,120,115,80,115,138,Fighting,,2.9,210
889,Zamazenta Crowned Shield,700,92,120,140,80,140,128,Fighting,Steel,2.9,785
890,Eternatus,690,140,85,95,145,95,130,Poison,Dragon,20,950
890,Eternatus Eternamax,1125,255,115,250,125,250,130,Poison,Dragon,100,
891,Kubfu,385,60,90,60,53,50,72,Fighting,,0.6,12
892,Urshifu Single Strike Style,550,100,130,100,63,60,97,Fighting,Dark,1.9,105
892,Urshifu Rapid Strike Style,550,100,130,100,63,60,97,Fighting,Water,1.9,105
893,Zarude,600,105,120,105,70,95,105,Dark,Grass,1.8,70
894,Regieleki,580,80,100,50,100,50,200,Electric,,1.2,145
895,Regidrago,580,200,100,50,100,50,80,Dragon,,2.1,200
896,Glastrier,580,100,145,130,65,110,30,Ice,,2.2,800
897,Spectrier,580,100,65,60,145,80,130,Ghost,,2,44.5
898,Calyrex,500,100,80,80,80,80,80,Psychic,Grass,1.1,7.7
898,Calyrex Ice Rider,680,100,165,150,85,130,50,Psychic,Ice,2.4,809.1
898,Calyrex Shadow Rider,680,100,85,80,165,100,150,Psychic,Ghost,2.4,53.6
899,Wyrdeer,525,103,105,72,105,75,65,Normal,Psychic,1.8,95.1
900,Kleavor,500,70,135,95,45,70,85,Bug,Rock,1.8,89
901,Ursaluna,550,130,140,105,45,80,50,Ground,Normal,2.4,290
902,Basculegion Male,530,120,112,65,80,75,78,Water,Ghost,3,110
902,Basculegion Female,530,120,92,65,100,75,78,Water,Ghost,3,110
903,Sneasler,510,80,130,60,40,80,120,Fighting,Poison,1.3,43
904,Overqwil,510,85,115,95,65,65,85,Dark,Poison,2.5,60.5
905,Enamorus Incarnate Forme,580,74,115,70,135,80,106,Fairy,Flying,1.6,48
905,Enamorus Therian Forme,580,74,115,110,135,100,46,Fairy,Flying,1.6,48
906,Sprigatito,310,40,61,54,45,45,65,Grass,,0.4,4.1
907,Floragato,410,61,80,63,60,63,83,Grass,,0.9,12.2
908,Meowscarada,530,76,110,70,81,70,123,Grass,Dark,1.5,31.2
909,Fuecoco,310,67,45,59,63,40,36,Fire,,0.4,9.8
910,Crocalor,411,81,55,78,90,58,49,Fire,,1,30.7
911,Skeledirge,530,104,75,100,110,75,66,Fire,Ghost,1.6,326.5
912,Quaxly,310,55,65,45,50,45,50,Water,,0.5,6.1
913,Quaxwell,410,70,85,65,65,60,65,Water,,1.2,21.5
914,Quaquaval,530,85,120,80,85,75,85,Water,Fighting,1.8,61.9
915,Lechonk,254,54,45,40,35,45,35,Normal,,0.5,10.2
916,Oinkologne Male,489,110,100,75,59,80,65,Normal,,1,120
916,Oinkologne Female,489,115,90,70,59,90,65,Normal,,1,120
917,Tarountula,210,35,41,45,29,40,20,Bug,,0.3,4
918,Spidops,404,60,79,92,52,86,35,Bug,,1,16.5
919,Nymble,210,33,46,40,21,25,45,Bug,,0.2,1
920,Lokix,450,71,102,78,52,55,92,Bug,Dark,1,17.5
921,Pawmi,240,45,50,20,40,25,60,Electric,,0.3,2.5
922,Pawmo,350,60,75,40,50,40,85,Electric,Fighting,0.4,6.5
923,Pawmot,490,70,115,70,70,60,105,Electric,Fighting,0.9,41
924,Tandemaus,305,50,50,45,40,45,75,Normal,,0.3,1.8
925,Maushold Family of Four,470,74,75,70,65,75,111,Normal,,0.3,2.8
925,Maushold Family of Three,470,74,75,70,65,75,111,Normal,,0.3,2.3
926,Fidough,312,37,55,70,30,55,65,Fairy,,0.3,10.9
927,Dachsbun,477,57,80,115,50,80,95,Fairy,,0.5,14.9
928,Smoliv,260,41,35,45,58,51,30,Grass,Normal,0.3,6.5
929,Dolliv,354,52,53,60,78,78,33,Grass,Normal,0.6,11.9
930,Arboliva,510,78,69,90,125,109,39,Grass,Normal,1.4,48.2
931,Squawkabilly Green Plumage,417,82,96,51,45,51,92,Normal,Flying,0.6,2.4
931,Squawkabilly Blue Plumage,417,82,96,51,45,51,92,Normal,Flying,0.6,2.4
931,Squawkabilly Yellow Plumage,417,82,96,51,45,51,92,Normal,Flying,0.6,2.4
931,Squawkabilly White Plumage,417,82,96,51,45,51,92,Normal,Flying,0.6,2.4
932,Nacli,280,55,55,75,35,35,25,Rock,,0.4,16
933,Naclstack,355,60,60,100,35,65,35,Rock,,0.6,105
934,Garganacl,500,100,100,130,45,90,35,Rock,,2.3,240
935,Charcadet,255,40,50,40,50,40,35,Fire,,0.6,10.5
936,Armarouge,525,85,60,100,125,80,75,Fire,Psychic,1.5,85
937,Ceruledge,525,75,125,80,60,100,85,Fire,Ghost,1.6,62
938,Tadbulb,272,61,31,41,59,35,45,Electric,,0.3,0.4
939,Bellibolt,495,109,64,91,103,83,45,Electric,,1.2,113
940,Wattrel,280,40,40,35,55,40,70,Electric,Flying,0.4,3.6
941,Kilowattrel,490,70,70,60,105,60,125,Electric,Flying,1.4,38.6
942,Maschiff,340,60,78,60,40,51,51,Dark,,0.5,16
943,Mabosstiff,505,80,120,90,60,70,85,Dark,,1.1,61
944,Shroodle,290,40,65,35,40,35,75,Poison,Normal,0.2,0.7
945,Grafaiai,485,63,95,65,80,72,110,Poison,Normal,0.7,27.2
946,Bramblin,275,40,65,30,45,35,60,Grass,Ghost,0.6,0.6
947,Brambleghast,480,55,115,70,80,70,90,Grass,Ghost,1.2,6
948,Toedscool,335,40,40,35,50,100,70,Ground,Grass,0.9,33
949,Toedscruel,515,80,70,65,80,120,100,Ground,Grass,1.9,58
950,Klawf,450,70,100,115,35,55,75,Rock,,1.3,79
951,Capsakid,304,50,62,40,62,40,50,Grass,,0.3,3
952,Scovillain,486,65,108,65,108,65,75,Grass,Fire,0.9,15
953,Rellor,270,41,50,60,31,58,30,Bug,,0.2,1
954,Rabsca,470,75,50,85,115,100,45,Bug,Psychic,0.3,3.5
955,Flittle,255,30,35,30,55,30,75,Psychic,,0.2,1.5
956,Espathra,481,95,60,60,101,60,105,Psychic,,1.9,90
957,Tinkatink,297,50,45,45,35,64,58,Fairy,Steel,0.4,8.9
958,Tinkatuff,380,65,55,55,45,82,78,Fairy,Steel,0.7,59.1
959,Tinkaton,506,85,75,77,70,105,94,Fairy,Steel,0.7,112.8
960,Wiglett,245,10,55,25,35,25,95,Water,,1.2,1.8
961,Wugtrio,425,35,100,50,50,70,120,Water,,1.2,5.4
962,Bombirdier,485,70,103,85,60,85,82,Flying,Dark,1.5,42.9
963,Finizen,315,70,45,40,45,40,75,Water,,1.3,60.2
964,Palafin Zero Form,457,100,70,72,53,62,100,Water,,1.3,60.2
964,Palafin Hero Form,650,100,160,97,106,87,100,Water,,1.8,97.4
965,Varoom,300,45,70,63,30,45,47,Steel,Poison,1,35
966,Revavroom,500,80,119,90,54,67,90,Steel,Poison,1.8,120
967,Cyclizar,501,70,95,65,85,65,121,Dragon,Normal,1.6,63
968,Orthworm,480,70,85,145,60,55,65,Steel,,2.5,310
969,Glimmet,350,48,35,42,105,60,60,Rock,Poison,0.7,8
970,Glimmora,525,83,55,90,130,81,86,Rock,Poison,1.5,45
971,Greavard,290,50,61,60,30,55,34,Ghost,,0.6,35
972,Houndstone,488,72,101,100,50,97,68,Ghost,,2,15
973,Flamigo,500,82,115,74,75,64,90,Flying,Fighting,1.6,37
974,Cetoddle,334,108,68,45,30,40,43,Ice,,1.2,45
975,Cetitan,521,170,113,65,45,55,73,Ice,,4.5,700
976,Veluza,478,90,102,73,78,65,70,Water,Psychic,2.5,90
977,Dondozo,530,150,100,115,65,65,35,Water,,12,220
978,Tatsugiri Curly Form,475,68,50,60,120,95,82,Dragon,Water,0.3,8
978,Tatsugiri Droopy Form,475,68,50,60,120,95,82,Dragon,Water,0.3,8
978,Tatsugiri Stretchy Form,475,68,50,60,120,95,82,Dragon,Water,0.3,8
979,Annihilape,535,110,115,80,50,90,90,Fighting,Ghost,1.2,56
980,Clodsire,430,130,75,60,45,100,20,Poison,Ground,1.8,223
981,Farigiraf,520,120,90,70,110,70,60,Normal,Psychic,3.2,160
982,Dudunsparce Two-Segment Form,520,125,100,80,85,75,55,Normal,,3.6,39.2
982,Dudunsparce Three-Segment Form,520,125,100,80,85,75,55,Normal,,4.5,47.4
983,Kingambit,550,100,135,120,60,85,50,Dark,Steel,2,120
984,Great Tusk,570,115,131,131,53,53,87,Ground,Fighting,2.2,320
985,Scream Tail,570,115,65,99,65,115,111,Fairy,Psychic,1.2,8
986,Brute Bonnet,570,111,127,99,79,99,55,Grass,Dark,1.2,21
987,Flutter Mane,570,55,55,55,135,135,135,Ghost,Fairy,1.4,4
988,Slither Wing,570,85,135,79,85,105,81,Bug,Fighting,3.2,92
989,Sandy Shocks,570,85,81,97,121,85,101,Electric,Ground,2.3,60
990,Iron Treads,570,90,112,120,72,70,106,Ground,Steel,0.9,240
991,Iron Bundle,570,56,80,114,124,60,136,Ice,Water,0.6,11
992,Iron Hands,570,154,140,108,50,68,50,Fighting,Electric,1.8,380.7
993,Iron Jugulis,570,94,80,86,122,80,108,Dark,Flying,1.3,111
994,Iron Moth,570,80,70,60,140,110,110,Fire,Poison,1.2,36
995,Iron Thorns,570,100,134,110,70,84,72,Rock,Electric,1.6,303
996,Frigibax,320,65,75,45,35,45,55,Dragon,Ice,0.5,17
997,Arctibax,423,90,95,66,45,65,62,Dragon,Ice,0.8,30
998,Baxcalibur,600,115,145,92,75,86,87,Dragon,Ice,2.1,210
999,Gimmighoul Chest Form,300,45,30,70,75,70,10,Ghost,,0.3,5
999,Gimmighoul Roaming Form,300,45,30,25,75,45,80,Ghost,,0.1,0.1
1000,Gholdengo,550,87,60,95,133,91,84,Steel,Ghost,1.2,30
1001,Wo-Chien,570,85,85,100,95,135,70,Dark,Grass,1.5,74.2
1002,Chien-Pao,570,80,120,80,90,65,135,Dark,Ice,1.9,152.2
1003,Ting-Lu,570,155,110,125,55,80,45,Dark,Ground,2.7,699.7
1004,Chi-Yu,570,55,80,80,135,120,100,Dark,Fire,0.4,4.9
1005,Roaring Moon,590,105,139,71,55,101,119,Dragon,Dark,2,380
1006,Iron Valiant,590,74,130,90,120,60,116,Fairy,Fighting,1.4,35
1007,Koraidon,670,100,135,115,85,100,135,Fighting,Dragon,2.5,303~
1008,Miraidon,670,100,85,100,135,115,135,Electric,Dragon,3.5,240
1009,Walking Wake,590,99,83,91,125,83,109,Water,Dragon,3.5,280
1010,Iron Leaves,590,90,130,88,70,108,104,Grass,Psychic,1.5,125